step,mean,upper,lower
510000,0.12799999999999997,0.19547610713199268,0.06052389286800727
525000,0.13066666666666663,0.19814277379865933,0.06319055953467392
532500,0.13066666666666663,0.19814277379865933,0.06319055953467392
547500,0.13066666666666663,0.19814277379865933,0.06319055953467392
562500,0.1313333333333333,0.19855681554401733,0.06410985112264928
577500,0.1313333333333333,0.19855681554401733,0.06410985112264928
585000,0.1313333333333333,0.19855681554401736,0.06410985112264925
592500,0.13066666666666663,0.197637523956042,0.06369580937729125
600000,0.13199999999999998,0.19828067316910195,0.06571932683089801
607500,0.13066666666666663,0.19763752395604198,0.06369580937729127
615000,0.13066666666666665,0.197637523956042,0.0636958093772913
622500,0.13199999999999998,0.19828067316910195,0.06571932683089801
637500,0.13199999999999998,0.19828067316910195,0.06571932683089801
645000,0.13066666666666665,0.197637523956042,0.0636958093772913
652500,0.1313333333333333,0.1973613815811266,0.06530528508554001
667500,0.1313333333333333,0.1973613815811266,0.06530528508554001
675000,0.13066666666666665,0.19644208999315127,0.06489124334018204
690000,0.13066666666666665,0.19644208999315127,0.06489124334018204
705000,0.13066666666666663,0.19644208999315124,0.06489124334018201
712500,0.13199999999999995,0.19708523920621118,0.06691476079378872
720000,0.13399999999999998,0.1990852392062112,0.06891476079378875
742500,0.13399999999999998,0.1990852392062112,0.06891476079378875
750000,0.13266666666666665,0.19844208999315127,0.06689124334018204
772500,0.13266666666666665,0.19844208999315127,0.06689124334018204
780000,0.13266666666666665,0.19844208999315127,0.06689124334018204
795000,0.13266666666666663,0.19844208999315124,0.06689124334018201
802500,0.13266666666666663,0.19844208999315127,0.066891243340182
810000,0.13399999999999995,0.19908523920621118,0.06891476079378872
817500,0.13399999999999998,0.1990852392062112,0.06891476079378875
825000,0.1353333333333333,0.19972838841927115,0.07093827824739546
832500,0.13666666666666663,0.2003715376323311,0.07296179570100217
840000,0.13666666666666663,0.2003715376323311,0.07296179570100217
855000,0.1353333333333333,0.19972838841927115,0.07093827824739546
862500,0.13666666666666663,0.2003715376323311,0.07296179570100217
870000,0.1366666666666666,0.20037153763233106,0.07296179570100214
885000,0.13666666666666663,0.2003715376323311,0.07296179570100217
892500,0.13666666666666663,0.2003715376323311,0.07296179570100217
900000,0.1366666666666666,0.20037153763233106,0.07296179570100214
907500,0.1366666666666666,0.20037153763233106,0.07296179570100214
937500,0.13799999999999996,0.20101468684539103,0.07498531315460889
945000,0.13666666666666663,0.2003715376323311,0.07296179570100217
952500,0.1353333333333333,0.19972838841927115,0.07093827824739546
960000,0.13399999999999998,0.1990852392062112,0.06891476079378875
967500,0.1353333333333333,0.19972838841927115,0.07093827824739546
975000,0.1353333333333333,0.19972838841927115,0.07093827824739546
982500,0.13599999999999998,0.2010852392062112,0.07091476079378875
990000,0.13599999999999995,0.20108523920621119,0.07091476079378872
1007500,0.13599999999999995,0.20108523920621119,0.07091476079378872
1015000,0.13599999999999995,0.20108523920621119,0.07091476079378872
1022500,0.13733333333333328,0.20172838841927113,0.07293827824739543
1030000,0.13666666666666663,0.20200453079418654,0.07132880253914672
1037500,0.136,0.20228067316910198,0.06971932683089804
1045000,0.13533333333333333,0.20255681554401736,0.0681098511226493
1052500,0.13599999999999998,0.20554665949281287,0.06645334050718711
1067500,0.13866666666666666,0.2084659510807882,0.06886738225254511
1075000,0.13933333333333328,0.2093852426687635,0.06928142399790307
1082500,0.13866666666666666,0.21027020521836412,0.0670631281149692
1090000,0.1413333333333333,0.21318949680633945,0.06947716986032718
1097500,0.14066666666666663,0.21407445935594,0.06725887397739326
1105000,0.144,0.21826923778526722,0.06973076221473276
1120000,0.14533333333333331,0.21985519603990922,0.07081147062675743
1150000,0.14666666666666667,0.22118852937324254,0.07214480396009079
1165000,0.15,0.22383167858630248,0.0761683214136975
1172500,0.15399999999999997,0.22902711254919322,0.07897288745080673
1180000,0.15466666666666665,0.23201695649798873,0.07731637683534456
1187500,0.15799999999999997,0.23466010571104867,0.08133989428895129
1195000,0.16066666666666662,0.2398033885511725,0.08152994478216073
1202500,0.16466666666666663,0.2438033885511725,0.08552994478216075
1210000,0.16733333333333333,0.2471602393381126,0.08750642732855407
1217500,0.16999999999999998,0.25051709012505263,0.08948290987494734
1225000,0.1713333333333333,0.2527118685543798,0.08995479811228681
1240000,0.17466666666666664,0.256906646983707,0.09242668634962628
1255000,0.17799999999999996,0.260492605238349,0.09550739476165095
1262500,0.1833333333333333,0.26607856349299097,0.10058810317367561
1270000,0.18799999999999994,0.27005504603938424,0.10594495396061565
1277500,0.19133333333333327,0.2749400085889848,0.10772665807768174
1292500,0.19399999999999995,0.27949229333881564,0.10850770666118428
1300000,0.1953333333333333,0.2832821639729621,0.10738450269370452
1307500,0.19799999999999995,0.2868102757356226,0.1091897242643773
1315000,0.19999999999999998,0.2897530847772047,0.11024691522279528
1322500,0.20199999999999996,0.29175308477720463,0.11224691522279527
1330000,0.20266666666666663,0.29474292872600016,0.11059040460733309
1345000,0.206,0.29738607793906013,0.11461392206093983
1352500,0.20799999999999996,0.29938607793906014,0.11661392206093982
1360000,0.21066666666666664,0.30274292872600017,0.11859040460733311
1367500,0.21533333333333332,0.30671941127239344,0.12394725539427318
1375000,0.21799999999999997,0.3100762620593335,0.12592373794066644
1382500,0.21933333333333332,0.3114095953926669,0.1272570712739998
1390000,0.2193333333333333,0.31296122460893405,0.12570544205773254
1412500,0.22266666666666662,0.3162945579422674,0.12903877539106584
1420000,0.22599999999999995,0.3198805161969094,0.13211948380309052
1427500,0.22866666666666663,0.32185699874330265,0.13547633459003058
1435000,0.22999999999999995,0.32405177717262984,0.13594822282737007
1442500,0.23199999999999998,0.32699458621421196,0.137005413785788
1457500,0.23333333333333328,0.3291893646435391,0.13747730202312747
1472500,0.2353333333333333,0.3323847986064299,0.13828186806023676
1480000,0.2373333333333333,0.33601779176828533,0.1386488748983813
1487500,0.23933333333333331,0.3380177917682853,0.14064887489838132
1495000,0.238,0.33737464255522537,0.1386253574447746
1510000,0.23799999999999996,0.3389262717714926,0.13707372822850733
1517500,0.24,0.3415350919461778,0.1384649080538222
1525000,0.2433333333333333,0.3446158003582024,0.14205086630846417
1532500,0.2473333333333333,0.34767299131662033,0.14699367535004626
1540000,0.24866666666666662,0.34762595640940686,0.14970737692392636
1547500,0.2493333333333333,0.34829262307607356,0.15037404359059303
1555000,0.25266666666666665,0.35137333148809824,0.15396000184523506
1562500,0.25666666666666665,0.35537333148809824,0.15796000184523507
1570000,0.2566666666666666,0.3544305224465161,0.15890281088681707
1585000,0.25999999999999995,0.3552694175220002,0.1647305824779997
1592500,0.26,0.353717788305733,0.166282211694267
1607500,0.262,0.35477497926415097,0.16922502073584905
1615000,0.26333333333333336,0.35516550355590226,0.1715011631107645
1630000,0.26266666666666666,0.35449883688923556,0.1708344964440978
1637500,0.262,0.35194655213940473,0.17205344786059526
1645000,0.26333333333333336,0.35095670819060926,0.17570995847605747
1652500,0.26333333333333336,0.35095670819060926,0.17570995847605747
1667500,0.26466666666666666,0.3498134253504854,0.17951990798284795
1675000,0.264,0.34845657456354534,0.17954342543645468
1682500,0.26333333333333336,0.3470997237766053,0.17956694289006142
1705000,0.26199999999999996,0.3450762063229985,0.17892379367700142
1720000,0.26333333333333325,0.3464095396563318,0.1802571270103347
1727500,0.2633333333333333,0.34485791044006464,0.18180875622660198
1735000,0.26399999999999996,0.3436389590235671,0.18436104097643277
1742500,0.26333333333333325,0.34202948331531835,0.18463718335134816
1750000,0.2633333333333333,0.3420294833153184,0.1846371833513482
1757500,0.26266666666666666,0.3405013715526579,0.18483196178067537
1765000,0.264,0.3399490868028272,0.18805091319717285
1772500,0.26533333333333337,0.33788307379376536,0.1927835928729014
1780000,0.266,0.33699811124416473,0.1950018887558353
1787500,0.266,0.33699811124416473,0.1950018887558353
1802500,0.26866666666666666,0.34035496203110477,0.19697837130222856
1817500,0.2706666666666666,0.3390889757073938,0.2022443576259394
1825000,0.27066666666666667,0.3390889757073939,0.20224435762593945
1832500,0.27,0.33842230904072723,0.2015776909592728
1840000,0.2713333333333333,0.33906545825378714,0.2036012084128795
1847500,0.2713333333333333,0.33906545825378714,0.2036012084128795
1855000,0.2719999999999999,0.33904194080018035,0.20495805919981946
1877500,0.2739999999999999,0.3419847498417624,0.2060152501582374
1885000,0.27666666666666667,0.3437899714124353,0.20954336192089804
1892500,0.2753333333333334,0.342456638079102,0.20821002858756474
1900000,0.2766666666666666,0.3428471623708532,0.21048617096248004
1907500,0.27799999999999997,0.34487067982445996,0.21112932017554
1922500,0.2806666666666666,0.3450429082332773,0.21629042510005594
1930000,0.2833333333333333,0.34745694997863535,0.2192097166880313
1937500,0.286,0.34926217154930816,0.2227378284506918
1952500,0.28733333333333333,0.3487098867994774,0.2259567798671893
1960000,0.2886666666666667,0.34772004285068187,0.2296132904826515
1975000,0.29133333333333333,0.34969652539707513,0.23297014126959154
1982500,0.29666666666666663,0.35433967461013505,0.23899365872319822
2007500,0.29933333333333334,0.3561448961808079,0.24252177048585877
2015000,0.30066666666666664,0.35661678441814737,0.2447165489151859
2022500,0.302,0.3582027426727894,0.24579725732721058
2037500,0.3013333333333333,0.35659326696454063,0.24607339970212594
2045000,0.30066666666666664,0.3549837912562919,0.24634954207704135
2052500,0.30266666666666664,0.35604098221470987,0.2492923511186234
2060000,0.304,0.3576269404693519,0.2503730595306481
2075000,0.30333333333333334,0.35446583554483596,0.2522008311218307
2082500,0.3066666666666667,0.35685635983658726,0.25647697349674614
2090000,0.30733333333333335,0.35846583554483596,0.25620083112183073
2097500,0.308,0.359822686331776,0.256177313668224
2105000,0.30866666666666664,0.36117953711871603,0.25615379621461726
2112500,0.30866666666666664,0.36117953711871603,0.25615379621461726
2120000,0.31066666666666665,0.36317953711871603,0.25815379621461726
2127500,0.30999999999999994,0.36406449966831655,0.25593550033168333
2135000,0.31,0.36500730870989867,0.2549926912901013
2142500,0.30933333333333335,0.3652834510848141,0.2533832155818526
2157500,0.30999999999999994,0.3668115628474745,0.25318843715252537
2165000,0.3106666666666666,0.36816841363441455,0.25316491969891863
2195000,0.314,0.3743301740924942,0.2536698259075058
2202500,0.3153333333333333,0.3763536915461009,0.2543129751205657
2210000,0.31466666666666665,0.3731925866215849,0.2561407467117484
2217500,0.31799999999999995,0.37652591995491824,0.25947408004508166
2225000,0.3173333333333333,0.3768020623298336,0.257864604336833
2232500,0.3166666666666667,0.3780210137463311,0.2553123195870023
2255000,0.3173333333333333,0.37963048945457983,0.25503617721208677
2262500,0.31999999999999995,0.3831586012172403,0.2568413987827596
2270000,0.32,0.38410141025882244,0.2558985897411776
2277500,0.32133333333333336,0.38637755263373785,0.25628911403292887
2285000,0.32466666666666666,0.38971088596707115,0.25962244736626217
2292500,0.32599999999999996,0.3916530394750896,0.2603469605249103
2300000,0.32666666666666666,0.392572331063065,0.2607610022702683
2307500,0.32866666666666666,0.3974007581878112,0.25993257514552215
2322500,0.3306666666666667,0.39940075818781123,0.2619325751455222
2330000,0.33266666666666667,0.4014007581878112,0.26393257514552215
2337500,0.33199999999999996,0.4007340915211445,0.26326590847885545
2345000,0.33399999999999996,0.40367690056272654,0.2643230994372734
2352500,0.3353333333333333,0.40406742485447783,0.2665992418121888
2360000,0.3353333333333333,0.404676245029163,0.26599042163750364
2375000,0.3373333333333333,0.40504325186730755,0.2696234147993591
2382500,0.3393333333333333,0.40704325186730755,0.2716234147993591
2390000,0.3400000000000001,0.4077099185339743,0.27229008146602585
2397500,0.3413333333333334,0.4083530677470342,0.27431359891963253
2405000,0.3433333333333334,0.4119860609088897,0.2746806057577771
2435000,0.34266666666666673,0.41062921012194964,0.2747041232113838
2450000,0.3440000000000001,0.4112723593350096,0.27672764066499056
2457500,0.34266666666666673,0.4089962169600942,0.27633711637323927
2465000,0.34466666666666673,0.41193902600167626,0.2773943073316572
2472500,0.3446666666666667,0.4119390260016762,0.27739430733165715
2480000,0.344,0.41221516837659156,0.2757848316234084
2487500,0.3446666666666667,0.414648188223798,0.27468514510953534
2502500,0.34600000000000003,0.41623414647844004,0.27576585352156
2510000,0.3460000000000001,0.41684296665312526,0.2751570333468749
2517500,0.3473333333333334,0.42067073824430784,0.2739959284223589
2525000,0.3513333333333334,0.4256135472858899,0.27705311938077687
2547500,0.35200000000000004,0.42697039807282994,0.27702960192717013
2555000,0.3526666666666667,0.4273844398181879,0.27794889351514546
2562500,0.35333333333333333,0.4299367245680187,0.276729942098648
2570000,0.35333333333333333,0.4299367245680187,0.276729942098648
2577500,0.35400000000000004,0.4306033912346854,0.2773966087653147
2585000,0.35600000000000004,0.4337988251975762,0.2782011748024239
2592500,0.358,0.43579882519757607,0.2802011748024239
2600000,0.36066666666666664,0.44095993012209206,0.2803734032112412
2607500,0.36,0.44098344757569874,0.27901655242430123
2622500,0.36333333333333334,0.4434553358130383,0.2832113308536284
2630000,0.364,0.4438693775583963,0.2841306224416037
2637500,0.3646666666666667,0.44514486439974815,0.28418846893358524
2645000,0.3666666666666667,0.446536044225063,0.2867972891082704
2660000,0.36866666666666664,0.4469030510632075,0.2904302822701258
2667500,0.36866666666666664,0.4450174329800433,0.29231590035328997
2675000,0.372,0.4476605821931033,0.2963394178068967
2690000,0.37333333333333335,0.4499367245680187,0.296729942098648
2697500,0.3726666666666667,0.44996024202162543,0.29537309131170797
2705000,0.37533333333333335,0.45331709280856547,0.29734957385810123
2712500,0.3766666666666667,0.4543164372750019,0.2990168960583315
2720000,0.376,0.45270696156675316,0.29929303843324684
2727500,0.3746666666666667,0.4507648080587347,0.2985685252745987
2735000,0.3746666666666667,0.4507648080587347,0.2985685252745987
2742500,0.37333333333333335,0.4501216588456748,0.2965450078209919
2750000,0.3726666666666667,0.45134061026217226,0.29399272307116114
2780000,0.37333333333333335,0.4513984567541537,0.295268209912513
2787500,0.37133333333333335,0.4500072769288389,0.2926593897378278
2795000,0.37133333333333335,0.4500072769288389,0.2926593897378278
2810000,0.37000000000000005,0.449364127715779,0.2906358722842211
2817500,0.37,0.45091575693204616,0.2890842430679538
2832500,0.3706666666666667,0.4525252326402949,0.28880810069303847
2847500,0.37000000000000005,0.45160594105231955,0.28839405894768055
2862500,0.36933333333333335,0.45282489246881696,0.28584177419784973
2870000,0.3680000000000001,0.4514915591354838,0.28450844086451643
2877500,0.36800000000000005,0.4514915591354837,0.2845084408645164
2892500,0.3686666666666667,0.4544814030842792,0.2828519302490542
2907500,0.36866666666666675,0.4554242121258613,0.2819091212074722
2915000,0.368,0.4557003545007766,0.28029964549922337
2922500,0.36733333333333335,0.4543435037138366,0.2803231629528301
2930000,0.3673333333333334,0.45434350371383664,0.28032316295283016
2937500,0.3666666666666667,0.454619646088752,0.2787136872445814
2945000,0.36866666666666664,0.45825263925060744,0.27908069408272584
2952500,0.3686666666666667,0.45825263925060744,0.27908069408272596
2960000,0.3693333333333334,0.4604709351335414,0.2781957315331254
2967500,0.3706666666666667,0.4599186503837106,0.2814146829496228
2975000,0.37066666666666664,0.4574621130828974,0.2838712202504359
2982500,0.37133333333333335,0.4578761548282554,0.2847905118384113
2990000,0.37066666666666664,0.4556578589453215,0.2856754743880118
2997500,0.37133333333333335,0.4554630805159944,0.2872035861506723
3000000,0.37000000000000005,0.453186938141079,0.2868130618589211
3007500,0.36800000000000005,0.4495539449792235,0.2864460550207766
3015000,0.36733333333333335,0.44819709419228343,0.28646957247438326
3022500,0.36800000000000005,0.4479209518173681,0.288079048182632
3030000,0.3666666666666667,0.4475304275256168,0.2858029058077166
3037500,0.3666666666666667,0.4475304275256168,0.2858029058077166
3045000,0.36733333333333335,0.4463114761091193,0.2883551905575474
3067500,0.36533333333333334,0.4475774624328302,0.2830892042338365
3075000,0.36533333333333334,0.4475774624328302,0.2830892042338365
3082500,0.36733333333333335,0.45077289639572093,0.28389377027094576
3090000,0.36733333333333335,0.45077289639572093,0.28389377027094576
3112500,0.36866666666666664,0.45141604560878085,0.28591728772455244
3120000,0.372,0.4547493789421142,0.2892506210578858
3135000,0.37133333333333335,0.4538300873541389,0.2888365793125278
3142500,0.37066666666666664,0.4550490387706363,0.286284294562697
3157500,0.36933333333333335,0.45277289639572094,0.28589377027094576
3165000,0.36666666666666664,0.45010622972905423,0.28322710360427905
3172500,0.36733333333333335,0.4514630805159944,0.2832035861506723
3180000,0.36733333333333335,0.4498300873541389,0.2848365793125278
3195000,0.366,0.44780656990053214,0.28419343009946785
3202500,0.3653333333333333,0.44713990323386543,0.28352676343280114
3210000,0.364,0.44580656990053213,0.28219343009946785
3232500,0.36333333333333334,0.4441970941922834,0.28246957247438326
3240000,0.3626666666666666,0.4425876184840346,0.28274571484929856
3247500,0.36466666666666664,0.44458761848403466,0.2847457148492986
3255000,0.3626666666666667,0.43975919135928854,0.28557414197404485
3262500,0.36333333333333334,0.43854023994279107,0.2881264267238756
3270000,0.3626666666666667,0.4370121281801306,0.2883212051532028
3277500,0.3606666666666667,0.4338166942172398,0.2875166391160936
3285000,0.3606666666666667,0.4350121281801306,0.2863212051532028
3292500,0.36,0.43348401641747003,0.28651598358252994
3307500,0.35933333333333334,0.43187454070922127,0.2867921259574454
3315000,0.3586666666666667,0.43051768992228123,0.28681564341105215
3322500,0.35800000000000004,0.4289082142140325,0.28709178578596756
3352500,0.36,0.43090821421403247,0.2890917857859675
3360000,0.36000000000000004,0.4309082142140326,0.2890917857859675
3367500,0.35866666666666663,0.4272517035985703,0.290081629734763
3375000,0.35933333333333334,0.4276657453439283,0.29100092132273836
3382500,0.35933333333333334,0.4276657453439283,0.29100092132273836
3390000,0.35933333333333334,0.4286085543855104,0.2900581122811563
3397500,0.3586666666666667,0.4279418877188437,0.28939144561448965
3405000,0.36000000000000004,0.4290225961308684,0.2909774038691317
3427500,0.35933333333333334,0.4276657453439283,0.29100092132273836
3435000,0.3606666666666667,0.42960789885194683,0.29172543448138655
3442500,0.35933333333333334,0.4274131204226197,0.291253546244047
3450000,0.35733333333333334,0.4270461135844751,0.2876205530821916
3457500,0.3586666666666667,0.4290696310380818,0.28826370229525156
3465000,0.35933333333333334,0.4290461135844751,0.2896205530821916
3480000,0.362,0.43326440946740896,0.290735590532591
3487500,0.36133333333333334,0.43190755868046893,0.29075910798619775
3495000,0.36000000000000004,0.42963141630555357,0.2903685836944465
3502500,0.36133333333333334,0.4334591878967362,0.28920747876993047
3510000,0.3606666666666667,0.4327925212300695,0.2885408121032639
3517500,0.362,0.4341258545634028,0.2898741454365972
3532500,0.36333333333333334,0.43451637885515415,0.29215028781151253
3540000,0.364,0.4358732296420942,0.2921267703579058
3562500,0.36266666666666664,0.43548270535034284,0.28985062798299044
3570000,0.364,0.43441149745595914,0.29358850254404084
3577500,0.364,0.4344114974559592,0.2935885025440408
3585000,0.36333333333333334,0.43341084192239565,0.29325582474427103
3592500,0.362,0.4323301335103709,0.29166986648962906
3600000,0.3613333333333333,0.43260627588528633,0.29006039078138024
3607500,0.36,0.42972131333568575,0.2902786866643142
3622500,0.3593333333333334,0.4283644625487458,0.290302204117921
3630000,0.3586666666666667,0.42769779588207907,0.2896355374512543
3637500,0.3586666666666667,0.42769779588207907,0.2896355374512543
3645000,0.3606666666666667,0.42969779588207907,0.2916355374512543
3652500,0.35866666666666663,0.42606480272022357,0.2912685306131097
3660000,0.3586666666666667,0.42769779588207907,0.2896355374512543
3682500,0.35800000000000004,0.4277213133356858,0.2882786866643143
3690000,0.36,0.4313364844131491,0.2886635155868509
3697500,0.3613333333333333,0.4326698177464824,0.2899968489201842
3712500,0.362,0.4348881136294164,0.2891118863705836
3720000,0.3626666666666667,0.4355547802960831,0.2897785530372503
3727500,0.36000000000000004,0.43219792950914304,0.28780207049085704
3742500,0.3606666666666667,0.4338074052173917,0.2875259281159417
3750000,0.3606666666666667,0.43663583234213793,0.28469750099119545
3765000,0.36133333333333334,0.43755512393011325,0.2851115427365534
3780000,0.3626666666666667,0.43974990235944045,0.28558343097389294
3787500,0.36400000000000005,0.4407492468258769,0.2872507531741232
3795000,0.3666666666666667,0.4442773585885374,0.289055974744796
3802500,0.36733333333333335,0.44494402525520405,0.28972264141146264
3810000,0.3693333333333334,0.4469440252552041,0.2917226414114627
3817500,0.37000000000000005,0.4485535009634528,0.2914464990365473
3825000,0.3700000000000001,0.4479446807887677,0.2920553192112325
3832500,0.37000000000000005,0.45121066711247854,0.28878933288752157
3840000,0.37333333333333335,0.4536011914042298,0.2930654752624369
3855000,0.37333333333333335,0.4536011914042298,0.2930654752624369
3862500,0.3746666666666667,0.45468189981625445,0.29465143351707895
3870000,0.3766666666666667,0.4572907199909396,0.2960426133423938
3877500,0.38133333333333336,0.4619573866576063,0.30070928000906044
3885000,0.3826666666666667,0.46260053587066624,0.3027327974626672
3892500,0.3846666666666666,0.46460053587066613,0.30473279746266707
3915000,0.384,0.46426785807089643,0.3037321419291036
3937500,0.38666666666666666,0.4662443406172897,0.3070889927160436
3952500,0.39,0.46888748983034967,0.31111251016965036
3967500,0.39,0.4672544966684942,0.3127455033315058
3975000,0.38933333333333336,0.4689110072839564,0.3097556593827103
3982500,0.39066666666666666,0.4702443406172897,0.3110889927160436
3990000,0.3913333333333333,0.47160119140422974,0.3110654752624369
3997500,0.3933333333333333,0.4752341845660852,0.31143248210058144
4000000,0.39333333333333337,0.4746253643914001,0.31204130227526666
4007500,0.394,0.4752920310580667,0.3127079689419333
4015000,0.394,0.4752920310580667,0.3127079689419333
4022500,0.3946666666666666,0.4769015067663154,0.31243182656701785
4030000,0.394,0.4755446559793754,0.31245534402062464
4037500,0.39533333333333337,0.4759351802711267,0.31473148639554005
4045000,0.396,0.47410740867994405,0.317892591320056
4052500,0.39399999999999996,0.47149858850525883,0.3165014114947411
4060000,0.39466666666666667,0.4713038100759317,0.31802952325740164
4075000,0.396,0.4707515253261009,0.32124847467389916
4082500,0.396,0.472265253585332,0.31973474641466804
4090000,0.39666666666666667,0.4752550975341275,0.31807823579920586
4105000,0.3973333333333333,0.4766119483210675,0.3180547183455991
4120000,0.3993333333333334,0.4776691392794855,0.32099752738718124
4127500,0.39866666666666667,0.4770024726128188,0.32033086072051453
4135000,0.3973333333333333,0.4772207684957527,0.31744589817091395
4142500,0.3993333333333334,0.4808537616576082,0.31781290500905857
4157500,0.4006666666666666,0.48149691087066804,0.3198364224626652
4172500,0.4039999999999999,0.48414006008372795,0.3238599399162719
4180000,0.40399999999999997,0.4809732597899974,0.32702674021000255
4187500,0.40666666666666673,0.4836399264566642,0.32969340687666926
4195000,0.4093333333333333,0.4854451480273369,0.33322151863932975
4202500,0.41133333333333333,0.4874451480273369,0.33522151863932975
4217500,0.41533333333333333,0.4914451480273369,0.33922151863932976
4225000,0.4173333333333334,0.49344514802733697,0.3412215186393298
4232500,0.4173333333333334,0.49224971406444623,0.34241695260222055
4247500,0.4206666666666667,0.49533042247647086,0.3460029108568625
4262500,0.424,0.49956866389435006,0.3484313361056499
4270000,0.42800000000000005,0.5020170346780829,0.3539829653219172
4285000,0.4293333333333334,0.5041219160772779,0.35454475058938895
4292500,0.4326666666666667,0.5090068786268784,0.356326454706455
4300000,0.43266666666666664,0.5105585078431456,0.35477482549018774
4315000,0.43466666666666665,0.5140722361023766,0.35526109723095667
4345000,0.43666666666666665,0.5160722361023766,0.35726109723095667
4360000,0.4373333333333333,0.5144157254869144,0.3602509411797522
4367500,0.4373333333333333,0.5160487186487699,0.3586179480178967
4375000,0.43866666666666665,0.5176346769034119,0.3596986564299214
4390000,0.43999999999999995,0.519829455332739,0.36017054466726084
4397500,0.44199999999999995,0.5218294553327391,0.36217054466726084
4405000,0.4413333333333333,0.5211627886660724,0.36150387800059425
4412500,0.44266666666666665,0.5240477512156729,0.3612855821176603
4420000,0.44466666666666665,0.5275993804319402,0.3617339529013931
4427500,0.44533333333333336,0.5263804290154428,0.3642862376512239
4435000,0.44733333333333336,0.5308369663162559,0.3638297003504108
4442500,0.45066666666666666,0.5357219288658565,0.36561140446747686
4450000,0.45466666666666666,0.5440424226647951,0.36529091066853825
4457500,0.4566666666666667,0.5456048634658304,0.36772846986750307
4465000,0.45733333333333337,0.5456627099578119,0.3690039567088549
4480000,0.4606666666666666,0.5492486682124538,0.37208466512087945
4487500,0.464,0.5518918174255137,0.3761081825744863
4495000,0.46866666666666673,0.5563058591708718,0.38102747416246163
4502500,0.47200000000000003,0.5605820015457872,0.38341799845421287
4517500,0.476,0.5645820015457871,0.3874179984542128
4525000,0.47733333333333333,0.5666055189993939,0.3880611476672728
4532500,0.4806666666666667,0.5708816613743093,0.3904516719590241
4540000,0.48400000000000004,0.5761006127908068,0.3918993872091933
4547500,0.48733333333333334,0.5813195642073042,0.3933471024593625
4570000,0.4926666666666667,0.5880332657811843,0.3973000675521491
4577500,0.49533333333333335,0.5915613775438449,0.39910528912282184
4592500,0.49933333333333335,0.5971943707057003,0.40147229596096645
4600000,0.504,0.6003473091131358,0.4076526908868642
4607500,0.5066666666666666,0.6006907984976736,0.4126425348356596
4615000,0.5093333333333333,0.6042189102603341,0.41444775640633247
4622500,0.5113333333333334,0.6062189102603343,0.4164477564063326
4630000,0.5166666666666667,0.612242427713941,0.4210909056193925
4637500,0.522,0.6169669408725891,0.42703305912741096
4645000,0.5233333333333334,0.6176100900856492,0.42905657658101776
4660000,0.5233333333333332,0.6176100900856489,0.42905657658101753
4667500,0.5239999999999999,0.6173339477107336,0.4306660522892663
4675000,0.524,0.6173339477107337,0.4306660522892664
4682500,0.5266666666666667,0.6223237916595292,0.43100954167380423
4690000,0.5279999999999999,0.623909749914171,0.4320902500858288
4705000,0.5293333333333333,0.6261858922890865,0.43248077437758015
4720000,0.53,0.6275427430760266,0.43245725692397347
4727500,0.532,0.6295427430760266,0.4344572569239734
4735000,0.5353333333333333,0.6321858922890865,0.43848077437758015
4742500,0.5353333333333333,0.6321858922890865,0.43848077437758015
4750000,0.5353333333333333,0.6297293549882734,0.44093731167839323
4772500,0.5346666666666667,0.6300054973631889,0.4393278359701446
4780000,0.5353333333333334,0.6283489867477268,0.4423176799189401
4787500,0.5353333333333334,0.6267973575314595,0.4438693091352074
4795000,0.5373333333333333,0.6272457283151922,0.4474209383514745
4802500,0.5386666666666666,0.6261225243477123,0.45121080898562094
4817500,0.54,0.6265130486394637,0.4534869513605364
4825000,0.542,0.6285130486394637,0.4554869513605364
4840000,0.5426666666666667,0.6294323402274391,0.45590099310589444
4855000,0.544,0.6298228645191903,0.4581771354808098
4862500,0.5426666666666667,0.6276280860898631,0.45770524724347034
4870000,0.5413333333333333,0.6254333076605358,0.45723335900613077
4877500,0.5399999999999999,0.6256516035434697,0.45434839645653013
4900000,0.5386666666666666,0.6243182702101364,0.45301506312319684
4907500,0.5353333333333333,0.6201234917808093,0.4505431748858574
4915000,0.5366666666666666,0.6233424431973067,0.4499908901360265
4922500,0.5366666666666667,0.6218287149380758,0.4515046183952577
4930000,0.534,0.6183006031754152,0.4496993968245848
4945000,0.532,0.6148085365012228,0.44919146349877725
4960000,0.5326666666666667,0.6135895850847254,0.4517437482486081
4975000,0.532,0.6129229184180587,0.4510770815819414
4982500,0.5306666666666667,0.6113369601634168,0.44999637316991675
4997500,0.5293333333333333,0.6106938109503567,0.44797285571630996
5000000,0.5273333333333333,0.6103268041122122,0.44433986255445446
5007500,0.5279999999999999,0.6100506617372967,0.4459493382627031
5015000,0.5253333333333333,0.6092696131537942,0.4413970535128724
5030000,0.5253333333333334,0.6092696131537944,0.4413970535128725
5037500,0.5246666666666667,0.6083503215658189,0.44098301176751453
5045000,0.5219999999999999,0.6053496660322553,0.43865033396774455
5052500,0.5199999999999999,0.6039584862069405,0.4360415137930594
5060000,0.5186666666666667,0.6027585128922915,0.4345748204410419
5067500,0.5193333333333333,0.6034251795589581,0.4352414871077085
5075000,0.5193333333333333,0.603425179558958,0.43524148710770855
5082500,0.52,0.6050346552672069,0.43496534473279314
5090000,0.52,0.605977464308789,0.4340225356912111
5097500,0.52,0.6053686441341037,0.4346313558658963
5112500,0.5193333333333333,0.603759168425855,0.43490749824081165
5120000,0.5166666666666666,0.6019539468551821,0.43137938647815105
5127500,0.5153333333333333,0.601229433696534,0.4294372329701326
5135000,0.5166666666666667,0.6041143962461346,0.4292189370871988
5150000,0.5200000000000001,0.607447729579468,0.43255227042053224
5157500,0.522,0.6127137159031788,0.4312862840968212
5165000,0.5240000000000001,0.6162653451194462,0.43173465488055407
5172500,0.5233333333333334,0.6148271303869179,0.43183953627974897
5180000,0.5233333333333332,0.6154359505616028,0.4312307161050636
5195000,0.5253333333333334,0.617435950561603,0.4332307161050638
5202500,0.5266666666666667,0.6180790997746629,0.4352542335586705
5210000,0.5273333333333332,0.6196885754829116,0.4349780911837549
5217500,0.5293333333333332,0.6216885754829116,0.4369780911837549
5225000,0.5306666666666666,0.6232745337375536,0.43805879959577965
5262500,0.5313333333333333,0.6248840094458024,0.4377826572208643
5270000,0.532,0.624607867070887,0.43939213292911306
5277500,0.5326666666666666,0.6252745337375536,0.44005879959577965
5292500,0.5333333333333332,0.6259412004042202,0.44072546626244624
5300000,0.5339999999999999,0.6272980511911603,0.44070194880883956
5307500,0.5353333333333333,0.6293215686447671,0.4413450980218996
5322500,0.5359999999999999,0.6299882353114337,0.4420117646885662
5330000,0.5366666666666666,0.6306549019781004,0.4426784313552329
5345000,0.5379999999999999,0.631735610390125,0.44426438960987485
5352500,0.5393333333333333,0.6337591278437318,0.4449075388229349
5360000,0.5426666666666666,0.6364022770567916,0.44893105627654156
5367500,0.5433333333333333,0.6379303888194523,0.4487362778472144
5375000,0.5466666666666667,0.6397120929365184,0.45362124039681506
5382500,0.55,0.6424366060951665,0.4575633939048335
5390000,0.5540000000000002,0.6476320400580574,0.4603679599419429
5397500,0.556,0.6484366060951665,0.46356339390483353
5405000,0.5566666666666666,0.648160463720251,0.46517286961308224
5412500,0.5579999999999999,0.648803612933311,0.46719638706668887
5420000,0.5593333333333332,0.6491941372250623,0.4694725294416042
5427500,0.5606666666666666,0.651217654678669,0.4701156786546643
5435000,0.562,0.6506653699288383,0.47333463007116183
5442500,0.5646666666666668,0.6535846615168137,0.4757486718165198
5450000,0.5673333333333335,0.655561144063207,0.47910552260345995
5457500,0.5706666666666667,0.6565713001144113,0.484762033218922
5465000,0.5720000000000001,0.6579046334477447,0.4860953665522554
5472500,0.5726666666666668,0.6566856820312473,0.4886476513020862
5480000,0.5733333333333335,0.6566621645776407,0.4900045020890263
5495000,0.5746666666666667,0.6573053137907005,0.49202801954263287
5502500,0.5786666666666667,0.6606964936160153,0.49663683971731803
5510000,0.5813333333333334,0.6625017151866881,0.5001649514799786
5525000,0.582,0.6607118445525416,0.5032881554474583
5532500,0.5833333333333333,0.6604935486696077,0.5061731179970588
5540000,0.5840000000000001,0.6614128402575832,0.506587159742417
5547500,0.5846666666666668,0.6611366978826678,0.5081966354506657
5555000,0.5866666666666668,0.6631366978826678,0.5101966354506657
5592500,0.5880000000000001,0.6642174062946924,0.5117825937053078
5600000,0.5893333333333334,0.6664935486696077,0.512173117997059
5607500,0.592,0.6682987702402805,0.5157012297597194
5615000,0.5933333333333334,0.6680804743573467,0.51858619230932
5622500,0.596,0.6691955118077461,0.5228044881922539
5637500,0.5953333333333333,0.6692190292613528,0.5214476374053137
5645000,0.5960000000000001,0.6675625186458908,0.5244374813541094
5660000,0.5966666666666667,0.6666775560962901,0.5266557772370433
5667500,0.5966666666666667,0.666068735921605,0.5272645974117284
5682500,0.5966666666666667,0.6654599157469198,0.5278734175864136
5690000,0.5946666666666667,0.6634599157469198,0.5258734175864136
5697500,0.5946666666666667,0.6634599157469198,0.5258734175864136
5705000,0.5953333333333334,0.6638739574922778,0.5267927091743889
5712500,0.5953333333333334,0.6638739574922778,0.5267927091743889
5720000,0.5946666666666667,0.6622644817840291,0.5270688515493043
5727500,0.5953333333333334,0.6610455303675317,0.5296211362991351
5735000,0.5966666666666668,0.6633216727424471,0.5300116605908864
5742500,0.5980000000000001,0.6655978151173625,0.5304021848826377
5750000,0.5980000000000001,0.6665406241589446,0.5294593758410556
5757500,0.5966666666666667,0.6645171067053377,0.5288162266279957
5765000,0.5960000000000001,0.664711885134665,0.5272881148653352
5772500,0.5953333333333334,0.6640452184679982,0.5266214481986685
5787500,0.5953333333333333,0.6655968476842654,0.5250698189824011
5795000,0.5946666666666666,0.6642399968973253,0.5250933364360079
5802500,0.5946666666666666,0.6642399968973253,0.5250933364360079
5810000,0.5946666666666667,0.6657916261135927,0.5235417072197407
5817500,0.5953333333333333,0.6664582927802593,0.5242083738864073
5825000,0.5953333333333333,0.6664582927802593,0.5242083738864073
5832500,0.5940000000000001,0.664182150405344,0.5238178495946562
5847500,0.5933333333333333,0.6631814948717802,0.5234851717948863
5862500,0.592,0.6611579774181736,0.5228420225818263
5870000,0.592,0.6611579774181736,0.5228420225818263
5877500,0.5906666666666666,0.662147821366969,0.5191855119663641
5885000,0.5906666666666666,0.661205012325387,0.5201283210079461
5900000,0.5886666666666666,0.659205012325387,0.5181283210079461
5907500,0.5873333333333334,0.6588144880336358,0.5158521786330309
5915000,0.586,0.6580899748749875,0.5139100251250124
5922500,0.5833333333333334,0.6544804991667389,0.5121861674999278
5930000,0.5820000000000001,0.6522043567918235,0.5117956432081766
5945000,0.5813333333333334,0.6522278742454303,0.5104387924212365
5952500,0.582,0.6528945409120969,0.5111054590879031
5975000,0.5833333333333334,0.6549180583657036,0.5117486083009631
5990000,0.5826666666666667,0.6542513916990369,0.5110819416342964
5997500,0.5786666666666667,0.6493085826574548,0.5080247506758785
6000000,0.578,0.6479517318705148,0.5080482681294851
6007500,0.5773333333333334,0.6472850652038482,0.5073816014628185
6022500,0.5760000000000001,0.6459517318705149,0.5060482681294852
6030000,0.5740000000000001,0.6430089228289328,0.5049910771710673
6045000,0.5733333333333334,0.6420896312409574,0.5045770354257093
6052500,0.5733333333333334,0.6411468221993754,0.5055198444672914
6060000,0.5726666666666667,0.6413416006287025,0.5039917327046308
6067500,0.5726666666666665,0.6428932298449697,0.5024401034883634
6082500,0.5746666666666665,0.6448932298449697,0.5044401034883634
6090000,0.5740000000000001,0.6449167472985765,0.5030832527014236
6097500,0.5726666666666667,0.6454690320484072,0.49986430128492604
6105000,0.5753333333333334,0.6483883236363827,0.5022783430302841
6112500,0.5753333333333335,0.6483883236363828,0.5022783430302842
6120000,0.5753333333333333,0.6483883236363825,0.502278343030284
6127500,0.5766666666666667,0.6487788479281339,0.5045544854051994
6135000,0.5780000000000001,0.6491693722198852,0.5068306277801149
6142500,0.5793333333333334,0.6502500806319098,0.5084165860347569
6150000,0.58,0.6516069314188498,0.5083930685811501
6157500,0.582,0.6536069314188498,0.5103930685811501
6165000,0.58,0.653158560635117,0.5068414393648829
6172500,0.582,0.6567101898513843,0.5072898101486156
6187500,0.582,0.6595386169761305,0.5044613830238694
6195000,0.5806666666666666,0.6582052836427971,0.503128049690536
6202500,0.5806666666666667,0.6588141038174824,0.5025192295158509
6210000,0.5833333333333334,0.6612281455628404,0.5054385211038264
6217500,0.5846666666666667,0.6632516630164471,0.5060816703168862
6225000,0.5846666666666666,0.6632516630164469,0.5060816703168862
6232500,0.5866666666666667,0.6668032922327143,0.506530041100619
6247500,0.5880000000000001,0.6675278053913626,0.5084721946086376
6255000,0.5886666666666667,0.6688846561783025,0.5084486771550308
6262500,0.5886666666666667,0.6688846561783025,0.5084486771550308
6285000,0.59,0.6702179895116358,0.5097820104883641
6292500,0.5906666666666667,0.6712186450451995,0.5101146882881339
6307500,0.5926666666666667,0.6741614540867815,0.5111718792465518
6330000,0.5953333333333334,0.6787137388366123,0.5119529278300544
6345000,0.596,0.6785189604072851,0.5134810395927148
6367500,0.5973333333333333,0.6805424778608917,0.5141241888057748
6375000,0.5986666666666667,0.6828186202358072,0.5145147130975262
6382500,0.6006666666666667,0.6831856270739518,0.5181477062593816
6390000,0.6013333333333333,0.6845424778608917,0.5181241888057748
6405000,0.6033333333333333,0.6865424778608917,0.5201241888057748
6412500,0.6066666666666667,0.6917614292773893,0.5215719040559441
6420000,0.6086666666666667,0.6922098000611221,0.5251235332722113
6427500,0.6119999999999999,0.6964859424360373,0.5275140575639624
6435000,0.6133333333333333,0.70031371402722,0.5263529526394466
6465000,0.6126666666666666,0.69895686324028,0.5263764700930532
6472500,0.6126666666666666,0.69895686324028,0.5263764700930532
6480000,0.6133333333333333,0.6998761548282553,0.5267905118384113
6502500,0.6173333333333334,0.7038761548282554,0.5307905118384114
6510000,0.6206666666666667,0.7072094881615887,0.5341238451717447
6517500,0.6226666666666667,0.7092094881615887,0.5361238451717447
6525000,0.6253333333333333,0.7118761548282553,0.5387905118384113
6540000,0.628,0.7152330056151954,0.5407669943848046
6555000,0.63,0.7181758146567775,0.5418241853432225
6562500,0.632,0.7201758146567775,0.5438241853432225
6570000,0.6326666666666666,0.7223941105397114,0.5429392227936218
6577500,0.6339999999999999,0.7221758146567774,0.5458241853432224
6585000,0.6366666666666666,0.7239810362274502,0.549352297105883
6592500,0.6353333333333334,0.7229003278154258,0.547766338851241
6600000,0.6380000000000001,0.7248768103618191,0.5511231896381812
6607500,0.6386666666666667,0.7236578589453215,0.5536754743880119
6615000,0.6373333333333333,0.7213817165704061,0.5532849500962606
6622500,0.6379999999999999,0.7229911922786547,0.5530088077213451
6630000,0.6406666666666666,0.7263480430655949,0.5549852902677384
6637500,0.6419999999999999,0.7283715605192015,0.5556284394807983
6645000,0.6446666666666666,0.7319810362274503,0.557352297105883
6667500,0.6466666666666666,0.7323480430655949,0.5609852902677384
6682500,0.6493333333333334,0.7343245256119882,0.5643421410546786
6705000,0.6493333333333334,0.7326915324501327,0.5659751342165341
6712500,0.6519999999999999,0.7344967540208054,0.5695032459791944
6720000,0.6546666666666666,0.736554600512787,0.5727787328205463
6727500,0.6546666666666666,0.7353591665498962,0.573974166783437
6735000,0.654,0.7337496908416475,0.5742503091583525
6750000,0.6533333333333334,0.7305885859171317,0.5760780807495351
6757500,0.6546666666666666,0.7327833643464587,0.5765499689868745
6765000,0.6566666666666666,0.7364163575083142,0.576916975825019
6772500,0.6593333333333333,0.738221579078987,0.5804450875876797
6780000,0.6606666666666667,0.7386934673163266,0.5826398660170069
6795000,0.6613333333333333,0.7408738622422243,0.5817928044244424
6802500,0.6626666666666666,0.7415170114552841,0.5838163218780491
6825000,0.6633333333333333,0.7430451232179447,0.583621543448722
6832500,0.6633333333333334,0.7430451232179449,0.583621543448722
6840000,0.6646666666666667,0.7449493757689272,0.5843839575644063
6847500,0.6633333333333333,0.7436160424355938,0.5830506242310729
6855000,0.6626666666666665,0.74261538690203,0.582717946431303
6862500,0.6653333333333333,0.7461434986646907,0.584523168001976
6870000,0.6673333333333334,0.7481434986646908,0.5865231680019761
6877500,0.6686666666666667,0.7508572002385708,0.5864761330947627
6885000,0.67,0.7539568867524439,0.5860431132475562
6892500,0.6706666666666667,0.7554849985151044,0.5858483348182291
6900000,0.6713333333333334,0.757013110277765,0.5856535563889019
6915000,0.6693333333333333,0.7550131102777649,0.5836535563889018
6922500,0.6693333333333332,0.7550131102777647,0.5836535563889017
6930000,0.6693333333333332,0.7574696475785779,0.5811970190880885
6937500,0.6679999999999999,0.7552748691492508,0.5807251308507491
6945000,0.6693333333333333,0.7581598316988514,0.5805068349678153
6952500,0.6726666666666667,0.7630447942484521,0.5822885390848814
6975000,0.6726666666666667,0.7636536144231372,0.5816797189101963
6982500,0.67,0.7616771318767439,0.5783228681232562
6990000,0.67,0.7632287610930111,0.576771238906989
6997500,0.6693333333333333,0.7625620944263445,0.5761045722403222
7007500,0.668,0.7631143791761753,0.5728856208238248
7015000,0.6679999999999999,0.7631143791761752,0.5728856208238247
7030000,0.6686666666666666,0.7637810458428418,0.5735522874904915
7037500,0.6666666666666666,0.7617810458428418,0.5715522874904915
7045000,0.6653333333333333,0.7595862674135146,0.571080399253152
7060000,0.666,0.7611957431217635,0.5708042568782365
7067500,0.664,0.757562749959908,0.570437250040092
7075000,0.6646666666666666,0.7588382368012598,0.5704950965320734
7097500,0.6619999999999999,0.7568617542548665,0.5671382457451334
7105000,0.6613333333333333,0.7552522785466178,0.5674143881200489
7112500,0.6586666666666667,0.7525856118799512,0.5647477214533823
7120000,0.6573333333333334,0.7521950875882,0.5624715790784669
7127500,0.654,0.7481715701345932,0.5598284298654068
7135000,0.652,0.7445385769727377,0.5594614230272623
7142500,0.648,0.7395957679311557,0.5564042320688444
7157500,0.646,0.739228761093011,0.552771238906989
7165000,0.644,0.7387803903092783,0.5492196096907217
7172500,0.6426666666666667,0.7399414952337944,0.5453918380995391
7180000,0.642,0.7395274534884363,0.5444725465115637
7187500,0.6393333333333333,0.7374696069964548,0.5411970596702118
7202500,0.6386666666666667,0.737664385425782,0.5396689479075514
7225000,0.64,0.7380549097175333,0.5419450902824667
7232500,0.6413333333333333,0.7403310520924486,0.542335614574218
7255000,0.64,0.7381362736631214,0.5418637263368786
7262500,0.6386666666666667,0.7344797630476593,0.5428535702856742
7277500,0.636,0.7320657213023013,0.5399342786976987
7285000,0.6346666666666667,0.7300422038486946,0.5392911294846389
7292500,0.6326666666666667,0.7255856665478815,0.5397476667854519
7300000,0.6306666666666666,0.7235856665478814,0.5377476667854518
7307500,0.63,0.7220575547852209,0.5379424452147791
7315000,0.6313333333333333,0.7208964498607049,0.5417702168059617
7330000,0.6326666666666667,0.7197732458932252,0.5455600874401082
7337500,0.6320000000000001,0.7197153994012437,0.5442846005987565
7352500,0.6326666666666667,0.7195206209719165,0.5458127123614169
7360000,0.6326666666666668,0.7189118007972315,0.5464215325361022
7367500,0.6326666666666668,0.7189118007972315,0.5464215325361022
7390000,0.6346666666666667,0.7192788076353759,0.5500545256979575
7397500,0.6346666666666666,0.7168222703345627,0.5525110629987705
7405000,0.636,0.7172941585719023,0.5547058414280978
7412500,0.6360000000000001,0.7157425293556351,0.5562574706443651
7427500,0.6373333333333333,0.7151902446058042,0.5594764220608625
7435000,0.6373333333333333,0.7151902446058042,0.5594764220608625
7442500,0.6373333333333333,0.7136765163465731,0.5609901503200935
7450000,0.6393333333333334,0.7156765163465733,0.5629901503200936
7457500,0.642,0.7177343628385546,0.5662656371614454
7465000,0.6406666666666666,0.7164010295052212,0.564932303828112
7472500,0.6433333333333333,0.7175160669556208,0.5691505997110459
7480000,0.6453333333333333,0.7195160669556208,0.5711505997110459
7487500,0.646,0.7186311044060202,0.5733688955939799
7502500,0.648,0.7215739134476022,0.5744260865523978
7517500,0.6493333333333333,0.7210216286977714,0.5776450379688952
7532500,0.6486666666666666,0.7196647779108314,0.5776685554225018
7547500,0.6506666666666666,0.7207219688692492,0.580611364464084
7555000,0.6513333333333333,0.7216412604572247,0.581025406209442
7562500,0.6520000000000001,0.7216177430036181,0.5823822569963821
7570000,0.652,0.720674933962036,0.5833250660379641
7577500,0.6546666666666667,0.7242844096702847,0.5850489236630487
7592500,0.6560000000000001,0.7240661137873509,0.5879338862126494
7615000,0.6580000000000001,0.7244331206254955,0.5915668793745048
7622500,0.6606666666666668,0.7280425963337442,0.5932907369995895
7637500,0.664,0.7320661137873508,0.5959338862126493
7652500,0.6653333333333333,0.7330654582537872,0.5976012084128794
7660000,0.6666666666666666,0.7350889757073938,0.5982443576259394
7675000,0.668,0.7373651180823093,0.5986348819176908
7682500,0.6693333333333333,0.7396412604572247,0.599025406209442
7705000,0.6686666666666667,0.7398360388865519,0.5974972944467816
7720000,0.6686666666666667,0.7398360388865519,0.5974972944467816
7727500,0.6673333333333333,0.7385027055532185,0.5961639611134482
7742500,0.666,0.7381121812614673,0.5938878187385328
7757500,0.666,0.7381121812614673,0.5938878187385328
7780000,0.6666666666666666,0.73791740283214,0.5954159305011932
7787500,0.6686666666666667,0.7415503959939955,0.595782937339338
7795000,0.6673333333333333,0.7409072467809356,0.5937594198857311
7810000,0.666,0.7404353585435961,0.591564641456404
7817500,0.6653333333333334,0.740458875997203,0.5902077906694639
7832500,0.6659999999999999,0.7408729177425607,0.5911270822574392
7840000,0.668,0.7428729177425608,0.5931270822574393
7855000,0.6693333333333333,0.7442062510758941,0.5944604155907726
7862500,0.6706666666666667,0.7455395844092275,0.595793748924106
7870000,0.6706666666666666,0.7455395844092274,0.5957937489241059
7877500,0.6713333333333333,0.7471490601174762,0.5955176065491905
7885000,0.6693333333333333,0.7451490601174762,0.5935176065491905
7900000,0.6706666666666666,0.7468163823177064,0.5945169510156268
7915000,0.6693333333333333,0.7447928648640997,0.593873801802567
7930000,0.6686666666666666,0.7422405801142689,0.5950927532190644
7937500,0.6679999999999999,0.7408837293273288,0.595116270672671
7945000,0.6653333333333332,0.7375268785403887,0.5931397881262778
7952500,0.6646666666666666,0.7368602118737221,0.5924731214596112
7960000,0.6639999999999999,0.735503361086782,0.5924966389132178
7967500,0.6646666666666665,0.7371128367950307,0.5922204965383023
7975000,0.6666666666666666,0.7391128367950308,0.5942204965383024
7982500,0.668,0.7419977993446314,0.5940022006553687
7990000,0.6673333333333333,0.7403883236363826,0.594278343030284
8000000,0.6673333333333334,0.7415837575992735,0.5930829090673934
8015000,0.6653333333333333,0.7395837575992734,0.5910829090673932
8022500,0.6666666666666666,0.7403082707579215,0.5930250625754118
8030000,0.6653333333333333,0.7380321283830061,0.5926345382836605
8037500,0.6653333333333333,0.7363991352211507,0.5942675314455159
8052500,0.666,0.7377559860080908,0.5942440139919093
8060000,0.666,0.7368131769665087,0.5951868230334914
8075000,0.6679999999999999,0.7388131769665086,0.5971868230334912
8082500,0.6693333333333333,0.7410893193414241,0.5975773473252426
8090000,0.6693333333333333,0.7426409485576914,0.5960257181089753
8097500,0.6713333333333333,0.7452497687323765,0.5974168979342902
8105000,0.6746666666666667,0.7476402930241278,0.6016930403092057
8112500,0.6766666666666666,0.7505831020657098,0.6027502312676235
8135000,0.6773333333333332,0.7528013979486436,0.6018652687180228
8172500,0.6793333333333333,0.7548013979486438,0.6038652687180229
8187500,0.6806666666666668,0.7580203493651413,0.6033129839681922
8195000,0.6826666666666668,0.7609631584067234,0.6043701749266102
8202500,0.6833333333333335,0.7609396409531166,0.6057270257135503
8217500,0.6846666666666668,0.7607213450701827,0.6086119882631508
8225000,0.688,0.7643073033248245,0.6116926966751753
8232500,0.6886666666666666,0.7656641541117647,0.6116691792215686
8240000,0.6906666666666667,0.7667213450701826,0.6146119882631507
8247500,0.6946666666666667,0.7701125248954974,0.6192208084378359
8255000,0.6993333333333333,0.774779191562164,0.6238874751045025
8262500,0.704,0.7785844131328369,0.629415586867163
8270000,0.708,0.7797559860080907,0.6362440139919092
8277500,0.7100000000000001,0.7802043567918236,0.6397956432081765
8285000,0.7146666666666668,0.785123648379799,0.6442096849535346
8292500,0.7173333333333334,0.7880429399677743,0.6466237266988925
8300000,0.7226666666666667,0.7926860891808342,0.6526472441524992
8322500,0.7266666666666667,0.795134459964567,0.6581988733687664
8330000,0.73,0.7977776091776269,0.6622223908223731
8337500,0.7326666666666666,0.79975409172402,0.6655792416093131
8345000,0.7333333333333333,0.8013635674322688,0.6653030992343978
8352500,0.7373333333333334,0.8069151966485362,0.6677514700181306
8382500,0.7413333333333335,0.8109151966485363,0.6717514700181307
8390000,0.7466666666666667,0.8155583458615961,0.6777749874717373
8397500,0.7493333333333332,0.8197766417445298,0.6788900249221366
8405000,0.752,0.8239949376274639,0.6800050623725361
8412500,0.754,0.8231665105027177,0.6848334894972823
8420000,0.7586666666666666,0.8287759862109664,0.6885573471223668
8427500,0.7613333333333333,0.8323854619192151,0.6902812047474515
8435000,0.762,0.8321093195442998,0.6918906804557002
8442500,0.7653333333333333,0.8354426528776331,0.6952240137890335
8450000,0.7693333333333334,0.8394426528776332,0.6992240137890336
8457500,0.7713333333333334,0.8423854619192153,0.7002812047474516
8465000,0.772,0.8411665105027177,0.7028334894972823
8472500,0.7706666666666667,0.8405233612896578,0.7008099720436757
8480000,0.7706666666666667,0.8399145411149727,0.7014187922183608
8502500,0.7746666666666668,0.8439145411149728,0.7054187922183609
8510000,0.7753333333333334,0.8426955896984752,0.7079710769681916
8517500,0.7766666666666667,0.8430861139902265,0.710247219343107
8540000,0.778,0.844166822402251,0.711833177597749
8547500,0.78,0.8477998155641066,0.7122001844358935
8555000,0.7826666666666667,0.8514092912723553,0.7139240420609781
8562500,0.7826666666666667,0.8497762981104998,0.7155570352228336
8570000,0.784,0.8517998155641066,0.7162001844358935
8577500,0.7846666666666667,0.8515236731891912,0.7178096601441423
8585000,0.786,0.8509713884393604,0.7210286115606397
8592500,0.7886666666666666,0.8511436168481776,0.7261897164851556
8600000,0.7893333333333333,0.8512014633401592,0.7274652033265074
8615000,0.7906666666666666,0.8534776057150746,0.7278557276182587
8637500,0.7913333333333333,0.8522586542985771,0.7304080123680896
8645000,0.7926666666666667,0.8520403584156433,0.7332929749176902
8652500,0.7933333333333333,0.8527070250823099,0.7339596415843568
8660000,0.794,0.8531210668276679,0.7348789331723322
8667500,0.7940000000000002,0.8531210668276681,0.7348789331723322
8675000,0.7953333333333333,0.8551445842812746,0.7355220823853921
8682500,0.7979999999999999,0.8578112509479412,0.7381887490520587
8690000,0.798,0.8568684419063592,0.7391315580936408
8697500,0.8,0.8572354487445037,0.7427645512554963
8712500,0.8006666666666666,0.8579021154111703,0.7434312179221629
8727500,0.8013333333333333,0.8566831639946729,0.7459835026719938
8742500,0.802,0.8548553924034904,0.7491446075965097
8750000,0.8006666666666667,0.8537746839914657,0.7475586493418678
8772500,0.7993333333333335,0.8533841596997145,0.7452825069669524
8780000,0.8,0.8549936354079631,0.745006364592037
8787500,0.8006666666666666,0.8547174930330477,0.7466158403002856
8795000,0.8006666666666667,0.8537746839914657,0.7475586493418678
8810000,0.8006666666666666,0.8537746839914656,0.7475586493418677
8817500,0.8006666666666666,0.8537746839914656,0.7475586493418677
8832500,0.8026666666666668,0.8557746839914657,0.7495586493418678
8840000,0.804,0.8577982014450725,0.7502017985549276
8847500,0.8046666666666666,0.8582122431904303,0.751121090142903
8862500,0.8033333333333333,0.8553272806408299,0.7513393860258368
8870000,0.802,0.8539939473074966,0.7500060526925035
8877500,0.7993333333333335,0.85132728064083,0.7473393860258369
8885000,0.7973333333333334,0.8477756514245627,0.7468910152421042
8900000,0.798,0.84594787983338,0.75005212016662
8907500,0.7993333333333333,0.8482240222082954,0.7504426444583713
8915000,0.798,0.845005070791798,0.7509949292082021
8922500,0.7973333333333334,0.8450285882454047,0.7496380784212622
8930000,0.8000000000000002,0.8486380639536535,0.7513619360463468
8937500,0.7973333333333334,0.8478570153701509,0.746809651296516
8960000,0.798,0.8485236820368175,0.7474763179631826
8967500,0.8006666666666667,0.8493047306203201,0.7520286027130134
8990000,0.8026666666666668,0.8529377237821756,0.7523956095511579
9007500,0.8033333333333335,0.8529142063285688,0.7537524603380981
9015000,0.8033333333333335,0.8519713972869868,0.7546952693796801
9022500,0.8026666666666668,0.850361921578738,0.7549714117545955
9037500,0.8046666666666668,0.852361921578738,0.7569714117545955
9045000,0.8053333333333333,0.8530285882454046,0.7576380784212621
9052500,0.8046666666666666,0.8526145465000466,0.7567187868332866
9067500,0.8046666666666668,0.8509815533381913,0.7583517799951423
9075000,0.8033333333333333,0.8496482200048578,0.7570184466618088
9082500,0.8033333333333333,0.8496482200048578,0.7570184466618088
9090000,0.8020000000000002,0.8476247025512513,0.756375297448749
9097500,0.8013333333333335,0.8479008449261667,0.7547658217405002
9105000,0.8006666666666666,0.8481769873010819,0.7531563460322513
9112500,0.798,0.8464531296759974,0.7495468703240027
9142500,0.7973333333333334,0.8448436539677487,0.7498230126989182
9150000,0.7933333333333334,0.8408436539677487,0.7458230126989182
9157500,0.7926666666666666,0.842062605384246,0.7432707279490872
9180000,0.7913333333333333,0.8407292720509127,0.7419373946157539
9195000,0.7900000000000001,0.8384531296759975,0.7415468703240028
9210000,0.7886666666666668,0.8364296122223908,0.7409037211109429
9225000,0.7860000000000001,0.8318773274725599,0.7401226725274404
9232500,0.784,0.8298773274725598,0.7381226725274402
9240000,0.7820000000000001,0.8278773274725599,0.7361226725274403
9247500,0.7813333333333334,0.8272106608058932,0.7354560058607736
9255000,0.7800000000000001,0.826820136514142,0.7331798634858583
9262500,0.78,0.8277629455557239,0.7322370544442761
9270000,0.78,0.8293959387175794,0.7306040612824206
9277500,0.7766666666666667,0.8270054144258282,0.7263279189075053
9285000,0.7786666666666668,0.8280626053842463,0.7292707279490874
9292500,0.7793333333333334,0.8287292720509128,0.729937394615754
9300000,0.7800000000000001,0.8291433137962708,0.7308566862037295
9307500,0.7786666666666668,0.8268671714213555,0.7304661619119782
9315000,0.7773333333333333,0.8255338380880219,0.7291328285786447
9322500,0.7753333333333333,0.824476647129604,0.7261900195370626
9337500,0.774,0.8240861228378528,0.7239138771621473
9345000,0.7713333333333334,0.8214194561711862,0.7212472104954807
9352500,0.7720000000000001,0.8213959387175795,0.7226040612824207
9360000,0.7726666666666668,0.8213724212639728,0.7239609120693609
9367500,0.7726666666666667,0.8213724212639727,0.7239609120693608
9390000,0.7733333333333334,0.8227292720509128,0.723937394615754
9397500,0.7733333333333335,0.823672081092495,0.7229945855741721
9412500,0.7746666666666668,0.8250054144258283,0.7243279189075054
9420000,0.7746666666666667,0.8266384075876836,0.7226949257456499
9427500,0.7746666666666667,0.8266384075876836,0.7226949257456499
9435000,0.7726666666666667,0.8262714007495391,0.7190619325837944
9442500,0.7733333333333334,0.8262478832959324,0.7204187833707345
9450000,0.7726666666666667,0.8246384075876836,0.7206949257456499
9472500,0.7753333333333335,0.8254194561711863,0.7252472104954808
9480000,0.7746666666666668,0.8247527895045196,0.7245805438288141
9502500,0.774,0.8259717409210169,0.7220282590789832
9510000,0.7753333333333333,0.828166519350344,0.7225001473163226
9517500,0.7753333333333334,0.8281665193503441,0.7225001473163227
9525000,0.7773333333333334,0.8301665193503441,0.7245001473163227
9532500,0.7773333333333334,0.8329949464750903,0.7216717201915765
9540000,0.7773333333333334,0.8329949464750903,0.7216717201915765
9555000,0.7800000000000001,0.834718804100175,0.7252811958998253
9562500,0.78,0.8337759950585928,0.7262240049414073
9577500,0.78,0.8354089882204483,0.7245910117795518
9585000,0.782,0.8374089882204483,0.7265910117795518
9600000,0.7846666666666667,0.8410184639286971,0.7283148694046364
9615000,0.7853333333333333,0.8416851305953637,0.728981536071303
9622500,0.7859999999999999,0.8430419813823036,0.7289580186176963
9630000,0.7873333333333334,0.8453181237572192,0.7293485429094477
9637500,0.7886666666666668,0.8466514570905526,0.7306818762427811
9652500,0.7906666666666667,0.8486514570905525,0.732681876242781
9660000,0.7946666666666666,0.8542030863068196,0.7351302470265136
9675000,0.7966666666666666,0.8552602772652376,0.7380730560680957
9682500,0.8,0.858593610598571,0.7414063894014291
9690000,0.8006666666666667,0.8611458953484018,0.7401874379849317
9697500,0.8026666666666669,0.8646975245646691,0.7406358087686646
9705000,0.8046666666666668,0.8683305177265245,0.741002815606809
9720000,0.8073333333333335,0.8703070002729179,0.7443596663937491
9727500,0.8086666666666668,0.871640333606251,0.7456929997270825
9735000,0.81,0.8736638510598578,0.7463361489401423
9742500,0.8106666666666668,0.8743305177265245,0.747002815606809
9757500,0.812,0.8756638510598578,0.7483361489401423
9765000,0.8133333333333335,0.877858629489185,0.7488080371774819
9772500,0.8160000000000001,0.8805252961558516,0.7514747038441485
9780000,0.8140000000000001,0.8785252961558516,0.7494747038441485
9787500,0.8166666666666668,0.8802491537809363,0.7530841795523973
9795000,0.8166666666666667,0.8802491537809362,0.7530841795523971
9802500,0.8166666666666667,0.8818821469427915,0.7514511863905418
9825000,0.8180000000000002,0.8841582893177071,0.7518417106822932
9832500,0.8193333333333335,0.8845488136094584,0.7541178530572086
9840000,0.8200000000000001,0.8849628553548163,0.7550371446451838
9847500,0.8220000000000002,0.8879056643963985,0.7560943356036018
9855000,0.8213333333333335,0.8862961886881497,0.7563704779785172
9862500,0.8206666666666668,0.884686712979901,0.7566466203534326
9870000,0.8226666666666668,0.886686712979901,0.7586466203534326
9877500,0.8246666666666667,0.8886867129799009,0.7606466203534324
9885000,0.8260000000000001,0.8897674213919256,0.7622325786080746
9892500,0.8253333333333335,0.8897909388455324,0.7608757278211346
9900000,0.8260000000000002,0.8897674213919258,0.7622325786080746
9907500,0.8246666666666668,0.8874912790170102,0.7618420543163233
9915000,0.8266666666666668,0.8894912790170102,0.7638420543163233
9937500,0.8266666666666668,0.8894912790170102,0.7638420543163233
9945000,0.8253333333333335,0.889100754725259,0.761565911941408
9952500,0.8253333333333335,0.8900435637668411,0.7606231028998258
9975000,0.8253333333333335,0.8900435637668411,0.7606231028998258
9997500,0.8246666666666668,0.8884340880585924,0.7608992452747412
10000000,0.8240000000000002,0.8862157921756585,0.7617842078243419
