,x,y,label,env_name,cluster
0,0.45112127,0.34270778,0,reach-v2,6
803,0.32114238,0.4244739,0,reach-v2,6
769,0.36716416,0.31469092,0,reach-v2,6
768,0.3525842,0.3603223,0,reach-v2,6
756,0.39375153,0.4106053,0,reach-v2,6
744,0.37532654,0.4511441,0,reach-v2,6
722,0.43978575,0.43389723,0,reach-v2,6
716,0.43827355,0.46809685,0,reach-v2,6
713,0.33256477,0.36366534,0,reach-v2,6
711,0.36536267,0.31579423,0,reach-v2,6
810,0.44656745,0.45627683,0,reach-v2,6
694,0.36788884,0.39495164,0,reach-v2,6
676,0.37068704,0.32978204,0,reach-v2,6
665,0.32226074,0.3763629,0,reach-v2,6
653,0.3700734,0.32819504,0,reach-v2,6
648,0.42483425,0.3096632,0,reach-v2,6
645,0.4028211,0.35256648,0,reach-v2,6
639,0.3377494,0.32032514,0,reach-v2,6
627,0.33516264,0.39683732,0,reach-v2,6
624,0.3682088,0.46399507,0,reach-v2,6
622,0.39383987,0.48379636,0,reach-v2,6
686,0.37711093,0.47364506,0,reach-v2,6
813,0.42171153,0.3879667,0,reach-v2,6
822,0.40066797,0.40934116,0,reach-v2,6
824,0.42992833,0.38505659,0,reach-v2,6
1009,0.39524877,0.43578073,0,reach-v2,6
994,0.46045554,0.44642216,0,reach-v2,6
990,0.33900547,0.42998394,0,reach-v2,6
988,0.38451993,0.4519893,0,reach-v2,6
963,0.36625084,0.3989904,0,reach-v2,6
956,0.39525858,0.37841862,0,reach-v2,6
940,0.3820443,0.38426074,0,reach-v2,6
922,0.41652206,0.30590856,0,reach-v2,6
920,0.41147888,0.40034452,0,reach-v2,6
918,0.3794573,0.3375522,0,reach-v2,6
913,0.41875774,0.29109746,0,reach-v2,6
901,0.3774613,0.34954602,0,reach-v2,6
878,0.37449086,0.34023434,0,reach-v2,6
868,0.34467044,0.3787579,0,reach-v2,6
865,0.4522677,0.2998112,0,reach-v2,6
859,0.3645667,0.4698536,0,reach-v2,6
856,0.4288158,0.44795457,0,reach-v2,6
853,0.42760235,0.33826354,0,reach-v2,6
839,0.43571985,0.4516919,0,reach-v2,6
836,0.45541152,0.35985178,0,reach-v2,6
825,0.4416408,0.3536046,0,reach-v2,6
587,0.4286776,0.34892738,0,reach-v2,6
585,0.4537509,0.3568787,0,reach-v2,6
582,0.38246658,0.4817947,0,reach-v2,6
575,0.461051,0.45751345,0,reach-v2,6
353,0.43393752,0.45053026,0,reach-v2,6
352,0.4527155,0.3871266,0,reach-v2,6
344,0.44345626,0.40876094,0,reach-v2,6
343,0.32697162,0.42599607,0,reach-v2,6
337,0.38574907,0.42044556,0,reach-v2,6
331,0.31156984,0.37013337,0,reach-v2,6
330,0.38259977,0.3149017,0,reach-v2,6
329,0.4055341,0.3207089,0,reach-v2,6
320,0.35468498,0.44116673,0,reach-v2,6
317,0.39282066,0.37290636,0,reach-v2,6
313,0.46587855,0.43872806,0,reach-v2,6
311,0.40447757,0.35221347,0,reach-v2,6
307,0.4638009,0.45964107,0,reach-v2,6
296,0.33298618,0.34822702,0,reach-v2,6
281,0.37194276,0.454318,0,reach-v2,6
279,0.44336653,0.46857405,0,reach-v2,6
260,0.4549844,0.3730888,0,reach-v2,6
257,0.45333454,0.38965046,0,reach-v2,6
251,0.44093794,0.35073936,0,reach-v2,6
248,0.36507395,0.3297778,0,reach-v2,6
238,0.3226825,0.40910634,0,reach-v2,6
362,0.36148208,0.41954702,0,reach-v2,6
1015,0.4416566,0.4310886,0,reach-v2,6
365,0.3813934,0.47561842,0,reach-v2,6
407,0.31167987,0.39827284,0,reach-v2,6
573,0.34959173,0.3140093,0,reach-v2,6
566,0.43136805,0.33797246,0,reach-v2,6
557,0.36426347,0.3774733,0,reach-v2,6
544,0.45752338,0.44232443,0,reach-v2,6
542,0.35886532,0.37240872,0,reach-v2,6
538,0.4423385,0.36047658,0,reach-v2,6
535,0.46604025,0.43409976,0,reach-v2,6
517,0.38151276,0.4853955,0,reach-v2,6
510,0.4356072,0.39987886,0,reach-v2,6
509,0.41746765,0.47792047,0,reach-v2,6
506,0.3781369,0.2929061,0,reach-v2,6
485,0.37862787,0.31098136,0,reach-v2,6
479,0.34452397,0.31926814,0,reach-v2,6
478,0.4547852,0.46236736,0,reach-v2,6
462,0.4396662,0.4414633,0,reach-v2,6
450,0.4088499,0.35591298,0,reach-v2,6
445,0.34805855,0.4032117,0,reach-v2,6
443,0.38446146,0.47172558,0,reach-v2,6
439,0.40019315,0.41580412,0,reach-v2,6
436,0.35239345,0.4098887,0,reach-v2,6
427,0.39430454,0.48998582,0,reach-v2,6
386,0.3675485,0.3944299,0,reach-v2,6
230,0.4477127,0.46765786,0,reach-v2,6
1022,0.38331044,0.43500033,0,reach-v2,6
1045,0.35415176,0.33685666,0,reach-v2,6
1693,0.39787278,0.304733,0,reach-v2,6
1691,0.45567667,0.42869943,0,reach-v2,6
1676,0.45200557,0.4550608,0,reach-v2,6
1669,0.34239396,0.32034922,0,reach-v2,6
1655,0.39346883,0.38229668,0,reach-v2,6
1638,0.43980005,0.33618543,0,reach-v2,6
1609,0.30782512,0.38782614,0,reach-v2,6
1605,0.374355,0.3427416,0,reach-v2,6
1587,0.32229257,0.42425525,0,reach-v2,6
1697,0.42957062,0.39056176,0,reach-v2,6
1559,0.44891948,0.36604604,0,reach-v2,6
1540,0.3418179,0.41161978,0,reach-v2,6
1538,0.3970952,0.30750594,0,reach-v2,6
1535,0.33312473,0.34882703,0,reach-v2,6
1511,0.409203,0.32330328,0,reach-v2,6
1506,0.42158568,0.30646753,0,reach-v2,6
1502,0.3736885,0.4500143,0,reach-v2,6
1491,0.40167612,0.38800845,0,reach-v2,6
1489,0.41010737,0.3988661,0,reach-v2,6
1486,0.47123024,0.43687922,0,reach-v2,6
1543,0.3443171,0.38335282,0,reach-v2,6
1705,0.37905324,0.31147337,0,reach-v2,6
1716,0.3509096,0.38522884,0,reach-v2,6
1740,0.39694017,0.29328486,0,reach-v2,6
1996,0.31211746,0.39632675,0,reach-v2,6
1991,0.3496843,0.35062724,0,reach-v2,6
1969,0.42796347,0.4469491,0,reach-v2,6
1968,0.41959816,0.47265968,0,reach-v2,6
1965,0.44357827,0.30207637,0,reach-v2,6
1959,0.40618584,0.4231506,0,reach-v2,6
1954,0.37674594,0.35540858,0,reach-v2,6
1923,0.44487903,0.46564218,0,reach-v2,6
1917,0.44650134,0.31017113,0,reach-v2,6
1915,0.3625268,0.35058168,0,reach-v2,6
1887,0.36962232,0.42443323,0,reach-v2,6
1876,0.43126166,0.31301555,0,reach-v2,6
1872,0.31312105,0.3873548,0,reach-v2,6
1855,0.41055244,0.30345142,0,reach-v2,6
1831,0.39799917,0.42044747,0,reach-v2,6
1804,0.42876044,0.34989244,0,reach-v2,6
1799,0.46165124,0.45616332,0,reach-v2,6
1749,0.39500093,0.4448034,0,reach-v2,6
1747,0.45673704,0.39984736,0,reach-v2,6
1743,0.37341744,0.3496605,0,reach-v2,6
1742,0.3626254,0.37593725,0,reach-v2,6
1479,0.4386598,0.34942842,0,reach-v2,6
1458,0.44136313,0.43086097,0,reach-v2,6
1453,0.4115683,0.4703616,0,reach-v2,6
1449,0.34895268,0.35161003,0,reach-v2,6
1172,0.45213905,0.3414227,0,reach-v2,6
1162,0.4163996,0.32566246,0,reach-v2,6
1152,0.45199856,0.47016332,0,reach-v2,6
1151,0.39972848,0.42995518,0,reach-v2,6
1148,0.38635147,0.42284742,0,reach-v2,6
1146,0.3586034,0.41932485,0,reach-v2,6
1137,0.4452133,0.44941643,0,reach-v2,6
1134,0.42959183,0.3369717,0,reach-v2,6
1129,0.38554054,0.4419728,0,reach-v2,6
1128,0.44763735,0.34928033,0,reach-v2,6
1116,0.40248483,0.4745918,0,reach-v2,6
1109,0.34446734,0.42750847,0,reach-v2,6
1105,0.39277288,0.46008313,0,reach-v2,6
1100,0.40157437,0.37584975,0,reach-v2,6
1095,0.4470988,0.31071252,0,reach-v2,6
1094,0.38941926,0.47285354,0,reach-v2,6
1093,0.40244934,0.40868515,0,reach-v2,6
1073,0.39489162,0.29593042,0,reach-v2,6
1063,0.3397137,0.40362382,0,reach-v2,6
1059,0.41432312,0.32399133,0,reach-v2,6
1056,0.39832357,0.29773316,0,reach-v2,6
1195,0.3937736,0.4088599,0,reach-v2,6
1028,0.39468727,0.47903463,0,reach-v2,6
1203,0.3566019,0.33210865,0,reach-v2,6
1219,0.3213957,0.4086613,0,reach-v2,6
1443,0.4189065,0.2938163,0,reach-v2,6
1392,0.34771058,0.4158261,0,reach-v2,6
1388,0.39010516,0.4215104,0,reach-v2,6
1371,0.3767351,0.3962531,0,reach-v2,6
1364,0.31803656,0.38143027,0,reach-v2,6
1363,0.45671895,0.40023378,0,reach-v2,6
1335,0.36946982,0.45778355,0,reach-v2,6
1326,0.34985772,0.4174361,0,reach-v2,6
1319,0.33677152,0.3269418,0,reach-v2,6
1316,0.39981005,0.35429046,0,reach-v2,6
1304,0.31361175,0.37112707,0,reach-v2,6
1296,0.3900428,0.29578465,0,reach-v2,6
1294,0.37770876,0.32409322,0,reach-v2,6
1292,0.31621367,0.3775008,0,reach-v2,6
1288,0.44753006,0.36653978,0,reach-v2,6
1285,0.4414035,0.45728713,0,reach-v2,6
1244,0.38458806,0.3476305,0,reach-v2,6
1237,0.4255613,0.38772008,0,reach-v2,6
1234,0.44355896,0.40805593,0,reach-v2,6
1233,0.3674266,0.3983631,0,reach-v2,6
1220,0.34067625,0.41388175,0,reach-v2,6
1213,0.33278155,0.36202723,0,reach-v2,6
204,0.35323521,0.43471098,0,reach-v2,6
999,0.38299513,0.44335455,0,reach-v2,6
58,0.35372683,0.43637985,0,reach-v2,6
71,0.34452987,0.41294345,0,reach-v2,6
94,0.42284775,0.30305138,0,reach-v2,6
36,0.45126164,0.29964888,0,reach-v2,6
172,0.3828641,0.43385985,0,reach-v2,6
42,0.3713708,0.42270175,0,reach-v2,6
117,0.37139875,0.35003522,0,reach-v2,6
128,0.35176453,0.3405072,0,reach-v2,6
110,0.45811245,0.4293779,0,reach-v2,6
149,0.45801622,0.37637788,0,reach-v2,6
114,0.35791284,0.4025153,0,reach-v2,6
107,0.46589896,0.44141784,0,reach-v2,6
182,0.41233143,0.35141563,0,reach-v2,6
91,0.3897563,0.4591768,0,reach-v2,6
90,0.3195017,0.37878245,0,reach-v2,6
120,0.4129802,0.3288275,0,reach-v2,6
166,0.4157865,0.47083077,0,reach-v2,6
121,0.32581234,0.41023883,0,reach-v2,6
14,0.3889466,0.38256437,0,reach-v2,6
88,0.34436345,0.38394824,0,reach-v2,6
57,0.37800607,0.29293177,0,reach-v2,6
1085,0.42106554,0.043844778,1,push-v2,8
412,0.33713993,0.06595133,1,push-v2,8
198,0.46695453,0.039613232,1,push-v2,8
1029,0.38640282,0.012241511,1,push-v2,8
1034,0.44584972,0.11971172,1,push-v2,8
402,0.33190757,0.07193761,1,push-v2,8
1027,0.4191811,0.1408532,1,push-v2,8
1021,0.47455058,0.15366983,1,push-v2,8
1011,0.45020398,0.13213058,1,push-v2,8
1008,0.39310268,0.06726242,1,push-v2,8
103,0.47560176,0.062390942,1,push-v2,8
982,0.45503125,0.02738592,1,push-v2,8
433,0.48476735,0.043833353,1,push-v2,8
435,0.47757927,0.072937146,1,push-v2,8
971,0.48562568,0.14207833,1,push-v2,8
969,0.43974152,0.10446783,1,push-v2,8
966,0.35348192,0.0032218168,1,push-v2,8
1035,0.42684373,0.09697251,1,push-v2,8
1107,0.36661038,0.034905996,1,push-v2,8
1145,0.46018973,0.13219923,1,push-v2,8
394,0.44952416,0.07776034,1,push-v2,8
1417,0.45974103,0.06272128,1,push-v2,8
1405,0.4339472,0.17069188,1,push-v2,8
1396,0.4073428,0.17140445,1,push-v2,8
1391,0.35096186,0.07679207,1,push-v2,8
341,0.33255643,0.0796511,1,push-v2,8
1357,0.4898771,0.03709765,1,push-v2,8
1356,0.46324915,0.09961023,1,push-v2,8
1333,0.43620923,0.16012229,1,push-v2,8
356,0.41010436,0.09271025,1,push-v2,8
357,0.37512872,0.04029744,1,push-v2,8
1286,0.42752784,0.16339214,1,push-v2,8
1262,0.38341346,0.07339646,1,push-v2,8
1108,0.4806881,0.0750772,1,push-v2,8
1241,0.47632113,0.06033121,1,push-v2,8
1229,0.38631275,0.07345658,1,push-v2,8
72,0.45161662,0.08795454,1,push-v2,8
1197,0.3535529,0.08534545,1,push-v2,8
379,0.37259525,0.08236273,1,push-v2,8
1191,0.35188362,0.015713485,1,push-v2,8
1186,0.40198335,0.14242622,1,push-v2,8
1164,0.471031,0.12649661,1,push-v2,8
1159,0.37943405,0.06435278,1,push-v2,8
1150,0.38274732,0.07182589,1,push-v2,8
79,0.47704008,0.039400075,1,push-v2,8
1142,0.47773734,0.15005553,1,push-v2,8
82,0.4467786,0.10308407,1,push-v2,8
1240,0.43683267,0.14580049,1,push-v2,8
964,0.41774702,0.065912016,1,push-v2,8
446,0.3688967,0.019199701,1,push-v2,8
950,0.3408504,0.08005885,1,push-v2,8
750,0.37392446,0.03952991,1,push-v2,8
749,0.36605647,0.06401857,1,push-v2,8
505,0.3865152,0.015979113,1,push-v2,8
129,0.4501484,0.1318074,1,push-v2,8
742,0.43064493,0.10826173,1,push-v2,8
741,0.44342947,0.100246936,1,push-v2,8
740,0.38566333,0.14212948,1,push-v2,8
737,0.33589712,0.07217025,1,push-v2,8
512,0.43105882,0.06550317,1,push-v2,8
514,0.44281498,0.0964408,1,push-v2,8
727,0.4884337,0.13658005,1,push-v2,8
156,0.40990034,0.16895522,1,push-v2,8
519,0.4310638,0.116337955,1,push-v2,8
709,0.4703978,0.0507611,1,push-v2,8
708,0.35010388,0.0,1,push-v2,8
698,0.4682992,0.15719073,1,push-v2,8
685,0.47353137,0.10113857,1,push-v2,8
525,0.45055425,0.123446815,1,push-v2,8
136,0.48830655,0.13521336,1,push-v2,8
669,0.3995966,0.11325762,1,push-v2,8
655,0.41207314,0.058798917,1,push-v2,8
647,0.46043503,0.07547853,1,push-v2,8
534,0.36686376,0.098439045,1,push-v2,8
537,0.36767256,0.0038550124,1,push-v2,8
600,0.41746765,0.06936902,1,push-v2,8
541,0.4352365,0.069525294,1,push-v2,8
543,0.4122954,0.08911272,1,push-v2,8
502,0.43850416,0.14566846,1,push-v2,8
953,0.47883007,0.063798085,1,push-v2,8
500,0.40172052,0.12753132,1,push-v2,8
772,0.45141146,0.03550943,1,push-v2,8
165,0.42892566,0.09822484,1,push-v2,8
1418,0.48618498,0.04178473,1,push-v2,8
948,0.32948527,0.071207896,1,push-v2,8
943,0.47320876,0.044120282,1,push-v2,8
451,0.41623044,0.119438216,1,push-v2,8
933,0.46456122,0.027585972,1,push-v2,8
912,0.41422248,0.16517113,1,push-v2,8
903,0.41608128,0.048433557,1,push-v2,8
111,0.4234268,0.13950466,1,push-v2,8
896,0.39869788,0.0668685,1,push-v2,8
891,0.4068146,0.12662554,1,push-v2,8
884,0.43595228,0.045799382,1,push-v2,8
877,0.35435158,0.085606344,1,push-v2,8
862,0.44608924,0.074990004,1,push-v2,8
860,0.39029816,0.06794745,1,push-v2,8
858,0.4670811,0.07387538,1,push-v2,8
847,0.43422842,0.17187892,1,push-v2,8
119,0.36407372,0.018112293,1,push-v2,8
821,0.45103577,0.1613312,1,push-v2,8
123,0.4740091,0.06972903,1,push-v2,8
811,0.37735373,0.044267043,1,push-v2,8
798,0.3931663,0.088769406,1,push-v2,8
796,0.46745938,0.04243349,1,push-v2,8
795,0.41584054,0.12405057,1,push-v2,8
792,0.44213438,0.11119598,1,push-v2,8
790,0.45087165,0.12306833,1,push-v2,8
781,0.47431502,0.0956658,1,push-v2,8
762,0.38195115,0.088600256,1,push-v2,8
1427,0.4428557,0.066314355,1,push-v2,8
1218,0.46649837,0.026575426,1,push-v2,8
1447,0.4719761,0.03186216,1,push-v2,8
191,0.4124428,0.14040592,1,push-v2,8
1739,0.430381,0.07293442,1,push-v2,8
1738,0.4542752,0.07811726,1,push-v2,8
1735,0.48197722,0.12299447,1,push-v2,8
1725,0.44656426,0.13512398,1,push-v2,8
1724,0.35434127,0.005467582,1,push-v2,8
265,0.38478872,0.010189063,1,push-v2,8
1709,0.4643255,0.14595078,1,push-v2,8
26,0.4106875,0.06347794,1,push-v2,8
1685,0.4155821,0.09727833,1,push-v2,8
1684,0.40675914,0.09119065,1,push-v2,8
1752,0.4576402,0.1534071,1,push-v2,8
1674,0.39822936,0.08851211,1,push-v2,8
1663,0.3700159,0.06631881,1,push-v2,8
1652,0.37805215,0.09922364,1,push-v2,8
1651,0.47745773,0.028464865,1,push-v2,8
282,0.37053514,0.009565242,1,push-v2,8
1647,0.37256673,0.0254568,1,push-v2,8
1630,0.3699534,0.01981647,1,push-v2,8
1623,0.3765752,0.028749015,1,push-v2,8
289,0.452468,0.03519697,1,push-v2,8
290,0.4255958,0.09666146,1,push-v2,8
1606,0.46983638,0.099229425,1,push-v2,8
1599,0.42682025,0.13762723,1,push-v2,8
1664,0.32473525,0.06460972,1,push-v2,8
1764,0.3255241,0.068597026,1,push-v2,8
1783,0.4111244,0.16770175,1,push-v2,8
1787,0.40765503,0.11489872,1,push-v2,8
199,0.38728017,0.018917099,1,push-v2,8
1988,0.36368367,0.026770927,1,push-v2,8
1980,0.36806002,0.011974335,1,push-v2,8
1979,0.42825833,0.110104516,1,push-v2,8
1976,0.37186065,0.0034404818,1,push-v2,8
1973,0.43028063,0.16282575,1,push-v2,8
1967,0.44019854,0.053470317,1,push-v2,8
208,0.36477068,0.005964664,1,push-v2,8
1964,0.47583464,0.09416568,1,push-v2,8
1961,0.44644102,0.09186335,1,push-v2,8
1892,0.47238523,0.04037708,1,push-v2,8
1889,0.3712287,0.098298654,1,push-v2,8
1883,0.4703934,0.12141949,1,push-v2,8
1880,0.4759492,0.15565406,1,push-v2,8
1878,0.45967734,0.040345546,1,push-v2,8
1874,0.45259905,0.039971378,1,push-v2,8
1865,0.43930474,0.04892436,1,push-v2,8
195,0.40212014,0.14210655,1,push-v2,8
233,0.4709859,0.12455607,1,push-v2,8
1845,0.40921998,0.05396367,1,push-v2,8
1840,0.4269247,0.043732647,1,push-v2,8
242,0.32583004,0.070788994,1,push-v2,8
245,0.40252155,0.090559505,1,push-v2,8
1811,0.35163555,0.017970445,1,push-v2,8
1802,0.38254595,0.07862845,1,push-v2,8
1584,0.3768114,0.099144556,1,push-v2,8
1576,0.42984128,0.1401182,1,push-v2,8
1707,0.48291963,0.123548485,1,push-v2,8
1483,0.3429511,0.076869115,1,push-v2,8
41,0.40937206,0.121140525,1,push-v2,8
1522,0.40901837,0.119709395,1,push-v2,8
1507,0.43424878,0.12070302,1,push-v2,8
310,0.368084,0.066240355,1,push-v2,8
1508,0.47834575,0.1584178,1,push-v2,8
183,0.45835248,0.07857557,1,push-v2,8
1450,0.43729857,0.047055397,1,push-v2,8
1533,0.386074,0.14217189,1,push-v2,8
1477,0.4570026,0.15829411,1,push-v2,8
328,0.37560582,0.0798345,1,push-v2,8
1495,0.48951602,0.04714878,1,push-v2,8
1480,0.38015854,0.06520665,1,push-v2,8
1563,0.38267064,0.08927996,1,push-v2,8
1868,0.24192743,0.882754,2,pick-place-v2,7
757,0.25749117,0.8926906,2,pick-place-v2,7
1481,0.34760302,0.9531343,2,pick-place-v2,7
1870,0.37572065,0.898347,2,pick-place-v2,7
1863,0.2628986,0.8895356,2,pick-place-v2,7
752,0.2906066,0.8558001,2,pick-place-v2,7
1354,0.33519158,0.86825544,2,pick-place-v2,7
12,0.3493126,0.88512665,2,pick-place-v2,7
782,0.33693957,0.9529786,2,pick-place-v2,7
788,0.30344477,0.91963893,2,pick-place-v2,7
753,0.28627536,0.94316727,2,pick-place-v2,7
1339,0.31821376,0.8870529,2,pick-place-v2,7
1156,0.32370737,0.9259675,2,pick-place-v2,7
1854,0.28029433,0.850479,2,pick-place-v2,7
850,0.2589536,0.87955266,2,pick-place-v2,7
1818,0.34613252,0.8483404,2,pick-place-v2,7
842,0.3512708,0.84699917,2,pick-place-v2,7
837,0.2636535,0.92373717,2,pick-place-v2,7
1821,0.3407296,0.9427062,2,pick-place-v2,7
1317,0.39433786,0.8782622,2,pick-place-v2,7
1859,0.3308443,0.95552194,2,pick-place-v2,7
1822,0.32401007,0.9410013,2,pick-place-v2,7
817,0.3345053,0.91947335,2,pick-place-v2,7
1841,0.39159223,0.8746369,2,pick-place-v2,7
805,0.26031062,0.856642,2,pick-place-v2,7
801,0.31321314,0.82313925,2,pick-place-v2,7
1847,0.35419053,0.94829303,2,pick-place-v2,7
1849,0.30685455,0.83458376,2,pick-place-v2,7
1318,0.35836482,0.89482373,2,pick-place-v2,7
1478,0.25242305,0.8874705,2,pick-place-v2,7
743,0.25005543,0.85923994,2,pick-place-v2,7
852,0.22336273,0.8678271,2,pick-place-v2,7
1415,0.30621174,0.8383478,2,pick-place-v2,7
644,0.25592992,0.8573625,2,pick-place-v2,7
643,0.3359478,0.87300014,2,pick-place-v2,7
634,0.35595,0.8607219,2,pick-place-v2,7
628,0.2571681,0.90442795,2,pick-place-v2,7
626,0.34545085,0.9266509,2,pick-place-v2,7
616,0.33609837,0.8226002,2,pick-place-v2,7
1981,0.258708,0.9161353,2,pick-place-v2,7
611,0.32563618,0.9440988,2,pick-place-v2,7
599,0.29756647,0.94865423,2,pick-place-v2,7
1989,0.30762216,0.87200946,2,pick-place-v2,7
597,0.26315856,0.914419,2,pick-place-v2,7
1419,0.34274468,0.82810897,2,pick-place-v2,7
581,0.36785683,0.9038058,2,pick-place-v2,7
580,0.28607336,0.84206295,2,pick-place-v2,7
1455,0.21837245,0.900009,2,pick-place-v2,7
1402,0.34606993,0.91512746,2,pick-place-v2,7
47,0.3158352,0.9375309,2,pick-place-v2,7
1463,0.38565367,0.8541015,2,pick-place-v2,7
1380,0.30506906,0.8636018,2,pick-place-v2,7
1891,0.21794851,0.8977981,2,pick-place-v2,7
1381,0.35365158,0.88692653,2,pick-place-v2,7
1902,0.34655046,0.9394227,2,pick-place-v2,7
1903,0.31942806,0.93153423,2,pick-place-v2,7
729,0.3454723,0.95947427,2,pick-place-v2,7
1904,0.31028515,0.8344233,2,pick-place-v2,7
1358,0.31873345,0.84318644,2,pick-place-v2,7
1905,0.32641187,0.8403535,2,pick-place-v2,7
1922,0.26741675,0.8464983,2,pick-place-v2,7
710,0.317197,0.8507295,2,pick-place-v2,7
1930,0.32234356,0.9135841,2,pick-place-v2,7
1946,0.30053896,0.92641604,2,pick-place-v2,7
1955,0.3019752,0.9156656,2,pick-place-v2,7
699,0.3510161,0.92051893,2,pick-place-v2,7
1385,0.246851,0.93804204,2,pick-place-v2,7
133,0.32095546,0.8544272,2,pick-place-v2,7
59,0.2943058,0.8294742,2,pick-place-v2,7
1484,0.34752414,0.9569335,2,pick-place-v2,7
1810,0.2503934,0.9274873,2,pick-place-v2,7
38,0.3881332,0.87838966,2,pick-place-v2,7
1084,0.3613523,0.8944704,2,pick-place-v2,7
1074,0.30700803,0.8734652,2,pick-place-v2,7
92,0.25213212,0.85342133,2,pick-place-v2,7
1070,0.22136226,0.86774945,2,pick-place-v2,7
1650,0.3539131,0.93254805,2,pick-place-v2,7
1058,0.33073285,0.9051419,2,pick-place-v2,7
1042,0.21686608,0.8935822,2,pick-place-v2,7
1039,0.38686615,0.8433471,2,pick-place-v2,7
1038,0.3314092,0.95155966,2,pick-place-v2,7
1199,0.33644864,0.83579296,2,pick-place-v2,7
1200,0.3845304,0.8596829,2,pick-place-v2,7
1030,0.29346752,0.8687156,2,pick-place-v2,7
1201,0.32300335,0.923328,2,pick-place-v2,7
97,0.35633552,0.85042536,2,pick-place-v2,7
1086,0.30574512,0.90527695,2,pick-place-v2,7
1204,0.3053766,0.9494048,2,pick-place-v2,7
1087,0.2643821,0.9189401,2,pick-place-v2,7
1192,0.3530315,0.8368699,2,pick-place-v2,7
1166,0.3492867,0.8402197,2,pick-place-v2,7
1588,0.33174968,0.933342,2,pick-place-v2,7
1590,0.37746078,0.8625008,2,pick-place-v2,7
1596,0.36246556,0.8837209,2,pick-place-v2,7
1167,0.3354754,0.8685817,2,pick-place-v2,7
1133,0.354089,0.87296313,2,pick-place-v2,7
1132,0.3728115,0.9080153,2,pick-place-v2,7
1131,0.24077351,0.894913,2,pick-place-v2,7
1130,0.32887736,0.8416847,2,pick-place-v2,7
1178,0.2817534,0.8963236,2,pick-place-v2,7
1554,0.254888,0.8721362,2,pick-place-v2,7
1104,0.22304536,0.8679757,2,pick-place-v2,7
1546,0.30883417,0.9368096,2,pick-place-v2,7
1616,0.28913742,0.8594616,2,pick-place-v2,7
197,0.2735306,0.91633916,2,pick-place-v2,7
1627,0.32141495,0.91529393,2,pick-place-v2,7
1524,0.29547,0.8847778,2,pick-place-v2,7
1020,0.35685682,0.8416788,2,pick-place-v2,7
99,0.3474756,0.9371186,2,pick-place-v2,7
921,0.23755996,0.8863403,2,pick-place-v2,7
1497,0.35669994,0.8657534,2,pick-place-v2,7
1744,0.35819727,0.8976256,2,pick-place-v2,7
904,0.38515592,0.8801767,2,pick-place-v2,7
19,0.3541558,0.93432575,2,pick-place-v2,7
63,0.3779479,0.8594473,2,pick-place-v2,7
1301,0.3130601,0.9461597,2,pick-place-v2,7
1309,0.28917086,0.87070847,2,pick-place-v2,7
887,0.37481862,0.8987773,2,pick-place-v2,7
1788,0.3402625,0.8263164,2,pick-place-v2,7
875,0.34994447,0.925953,2,pick-place-v2,7
872,0.35801074,0.8220418,2,pick-place-v2,7
1573,0.30741382,0.9507436,2,pick-place-v2,7
863,0.36219844,0.8357605,2,pick-place-v2,7
1808,0.22958641,0.9229575,2,pick-place-v2,7
22,0.3168187,0.88597,2,pick-place-v2,7
1283,0.251516,0.926706,2,pick-place-v2,7
1280,0.31935853,0.8907069,2,pick-place-v2,7
938,0.30231336,0.8385463,2,pick-place-v2,7
1667,0.30410925,0.90534294,2,pick-place-v2,7
1682,0.3648689,0.84708583,2,pick-place-v2,7
1513,0.31626242,0.8467313,2,pick-place-v2,7
1223,0.3457758,0.8281046,2,pick-place-v2,7
981,0.29564777,0.84325486,2,pick-place-v2,7
1686,0.2721888,0.9226404,2,pick-place-v2,7
978,0.3509258,0.85982573,2,pick-place-v2,7
1312,0.35623246,0.8200429,2,pick-place-v2,7
1226,0.39258343,0.86419594,2,pick-place-v2,7
1436,0.25230673,0.88292617,2,pick-place-v2,7
1708,0.364992,0.8515506,2,pick-place-v2,7
961,0.32568157,0.9352817,2,pick-place-v2,7
1509,0.35899994,0.8694758,2,pick-place-v2,7
1710,0.36096767,0.8246346,2,pick-place-v2,7
949,0.30308363,0.9352399,2,pick-place-v2,7
1729,0.28224817,0.89654046,2,pick-place-v2,7
1706,0.33532014,0.9195353,2,pick-place-v2,7
549,0.2355948,0.8868377,2,pick-place-v2,7
1999,0.24268627,0.91561186,2,pick-place-v2,7
323,0.27221826,0.92321485,2,pick-place-v2,7
215,0.2737468,0.88363415,2,pick-place-v2,7
324,0.3638531,0.8767546,2,pick-place-v2,7
152,0.21697757,0.89515144,2,pick-place-v2,7
458,0.3546598,0.88468885,2,pick-place-v2,7
275,0.2686271,0.9312273,2,pick-place-v2,7
223,0.25942945,0.89674985,2,pick-place-v2,7
460,0.32523212,0.9426918,2,pick-place-v2,7
360,0.2311795,0.9218023,2,pick-place-v2,7
336,0.23152229,0.9255637,2,pick-place-v2,7
493,0.2514082,0.8518198,2,pick-place-v2,7
417,0.38859737,0.86294466,2,pick-place-v2,7
463,0.2184175,0.8711153,2,pick-place-v2,7
236,0.277288,0.92660636,2,pick-place-v2,7
390,0.2541204,0.8593885,2,pick-place-v2,7
467,0.3443471,0.9092115,2,pick-place-v2,7
350,0.37719113,0.86608416,2,pick-place-v2,7
243,0.28598297,0.86668074,2,pick-place-v2,7
469,0.2950926,0.8844542,2,pick-place-v2,7
378,0.3870392,0.84203565,2,pick-place-v2,7
256,0.25770715,0.9088111,2,pick-place-v2,7
518,0.22674185,0.9228247,2,pick-place-v2,7
355,0.36476168,0.8293731,2,pick-place-v2,7
401,0.36060852,0.85168564,2,pick-place-v2,7
501,0.28813782,0.8491637,2,pick-place-v2,7
170,0.24829453,0.8912842,2,pick-place-v2,7
318,0.29191455,0.87822944,2,pick-place-v2,7
515,0.35666388,0.8847134,2,pick-place-v2,7
209,0.26789883,0.88706446,2,pick-place-v2,7
508,0.29568595,0.8295818,2,pick-place-v2,7
513,0.25663185,0.8776175,2,pick-place-v2,7
168,0.24398284,0.88946533,2,pick-place-v2,7
294,0.27209556,0.8492905,2,pick-place-v2,7
125,0.58859557,0.6188551,3,door-open-v2,2
1353,0.5112559,0.6639408,3,door-open-v2,2
1347,0.49082634,0.7094189,3,door-open-v2,2
56,0.505228,0.6424532,3,door-open-v2,2
1557,0.5071491,0.69437325,3,door-open-v2,2
1329,0.4433319,0.62662655,3,door-open-v2,2
1568,0.5113555,0.66562617,3,door-open-v2,2
1328,0.44397894,0.62967205,3,door-open-v2,2
719,0.5294244,0.65044945,3,door-open-v2,2
1324,0.50269604,0.72436774,3,door-open-v2,2
1591,0.5733615,0.6152545,3,door-open-v2,2
1322,0.51943094,0.7037316,3,door-open-v2,2
1321,0.5036433,0.6138248,3,door-open-v2,2
816,0.53444314,0.58861274,3,door-open-v2,2
818,0.5783208,0.64288455,3,door-open-v2,2
1595,0.6033411,0.65140724,3,door-open-v2,2
1598,0.49049014,0.7266389,3,door-open-v2,2
1315,0.52518857,0.65546805,3,door-open-v2,2
1600,0.6133988,0.62457085,3,door-open-v2,2
1305,0.5868676,0.61458755,3,door-open-v2,2
1303,0.6134183,0.6568173,3,door-open-v2,2
61,0.58212095,0.6712006,3,door-open-v2,2
1295,0.49022752,0.5784637,3,door-open-v2,2
347,0.60640347,0.6261471,3,door-open-v2,2
1355,0.47367477,0.6743475,3,door-open-v2,2
1372,0.51124257,0.5886645,3,door-open-v2,2
1553,0.5061744,0.6149888,3,door-open-v2,2
45,0.61241496,0.6273565,3,door-open-v2,2
497,0.49514744,0.7006669,3,door-open-v2,2
159,0.56950146,0.62176883,3,door-open-v2,2
1456,0.5907356,0.6421112,3,door-open-v2,2
1451,0.55534285,0.7061631,3,door-open-v2,2
1441,0.5957257,0.6781341,3,door-open-v2,2
126,0.62384576,0.6868114,3,door-open-v2,2
44,0.4844448,0.569438,3,door-open-v2,2
1423,0.5873488,0.6813486,3,door-open-v2,2
1422,0.6150757,0.6335008,3,door-open-v2,2
333,0.57024467,0.656124,3,door-open-v2,2
308,0.52716297,0.63839465,3,door-open-v2,2
53,0.6161392,0.6809083,3,door-open-v2,2
511,0.52180994,0.5754943,3,door-open-v2,2
334,0.47204304,0.65692204,3,door-open-v2,2
1515,0.6088323,0.63769734,3,door-open-v2,2
1536,0.47239542,0.6863401,3,door-open-v2,2
1400,0.4773515,0.64600044,3,door-open-v2,2
1393,0.56453645,0.6982621,3,door-open-v2,2
339,0.49484053,0.7185049,3,door-open-v2,2
52,0.49222764,0.64399993,3,door-open-v2,2
177,0.5106637,0.64002097,3,door-open-v2,2
791,0.6142201,0.6899564,3,door-open-v2,2
490,0.5145656,0.7164441,3,door-open-v2,2
793,0.48704436,0.72529024,3,door-open-v2,2
504,0.5265382,0.58131576,3,door-open-v2,2
186,0.5733458,0.60202944,3,door-open-v2,2
831,0.4813663,0.5872988,3,door-open-v2,2
849,0.5989888,0.6635136,3,door-open-v2,2
1282,0.52159506,0.58353907,3,door-open-v2,2
1071,0.5420393,0.71538436,3,door-open-v2,2
902,0.47747463,0.7097825,3,door-open-v2,2
1069,0.54337823,0.65358007,3,door-open-v2,2
1060,0.52584356,0.6953461,3,door-open-v2,2
1053,0.49453905,0.58226943,3,door-open-v2,2
1052,0.45216542,0.64654315,3,door-open-v2,2
910,0.58947474,0.69329685,3,door-open-v2,2
96,0.54094046,0.57405084,3,door-open-v2,2
1041,0.5662451,0.59127414,3,door-open-v2,2
420,0.45554623,0.64656466,3,door-open-v2,2
919,0.55096984,0.69952035,3,door-open-v2,2
421,0.45698047,0.6813744,3,door-open-v2,2
1033,0.5846208,0.5890038,3,door-open-v2,2
423,0.506874,0.5965864,3,door-open-v2,2
425,0.55533195,0.67116296,3,door-open-v2,2
169,0.48520032,0.65564454,3,door-open-v2,2
1019,0.448484,0.6541104,3,door-open-v2,2
960,0.6214908,0.62977874,3,door-open-v2,2
441,0.5902391,0.650631,3,door-open-v2,2
442,0.51626325,0.69952893,3,door-open-v2,2
444,0.551643,0.664151,3,door-open-v2,2
970,0.57804775,0.6627611,3,door-open-v2,2
980,0.46214965,0.700245,3,door-open-v2,2
1081,0.57324845,0.61282486,3,door-open-v2,2
986,0.45481908,0.6942708,3,door-open-v2,2
935,0.47925738,0.6904344,3,door-open-v2,2
452,0.46863493,0.67862755,3,door-open-v2,2
1005,0.5579216,0.6442423,3,door-open-v2,2
100,0.4769646,0.570064,3,door-open-v2,2
928,0.61209506,0.6753476,3,door-open-v2,2
1017,0.4753156,0.5681212,3,door-open-v2,2
989,0.49851632,0.6252562,3,door-open-v2,2
897,0.53757626,0.63123846,3,door-open-v2,2
895,0.46055034,0.6727406,3,door-open-v2,2
1088,0.5856907,0.65694225,3,door-open-v2,2
1174,0.5272277,0.63201547,3,door-open-v2,2
1179,0.5178563,0.70840234,3,door-open-v2,2
1189,0.5656632,0.5838279,3,door-open-v2,2
375,0.50212854,0.59829044,3,door-open-v2,2
855,0.5176433,0.6078351,3,door-open-v2,2
854,0.61549306,0.6864292,3,door-open-v2,2
866,0.5483465,0.6334644,3,door-open-v2,2
473,0.47432104,0.5894829,3,door-open-v2,2
846,0.59148914,0.67991966,3,door-open-v2,2
843,0.5657516,0.58581626,3,door-open-v2,2
1231,0.5213821,0.57270944,3,door-open-v2,2
69,0.5860826,0.6541806,3,door-open-v2,2
1238,0.46314192,0.63821334,3,door-open-v2,2
1266,0.52896607,0.5889318,3,door-open-v2,2
474,0.6299197,0.6728546,3,door-open-v2,2
832,0.5153287,0.6048672,3,door-open-v2,2
80,0.51498854,0.71812516,3,door-open-v2,2
391,0.5798296,0.59354484,3,door-open-v2,2
1089,0.61983156,0.63734293,3,door-open-v2,2
1092,0.5344868,0.7225512,3,door-open-v2,2
405,0.50064385,0.6513956,3,door-open-v2,2
1099,0.56403923,0.6106298,3,door-open-v2,2
403,0.52828896,0.5685475,3,door-open-v2,2
885,0.62292963,0.68853056,3,door-open-v2,2
870,0.53055745,0.6702998,3,door-open-v2,2
881,0.50771767,0.61316144,3,door-open-v2,2
84,0.5402224,0.7151049,3,door-open-v2,2
464,0.4584248,0.6457531,3,door-open-v2,2
876,0.55233246,0.66117394,3,door-open-v2,2
465,0.52899694,0.66723615,3,door-open-v2,2
395,0.60583866,0.658328,3,door-open-v2,2
1139,0.52279437,0.57937485,3,door-open-v2,2
1113,0.513522,0.70717233,3,door-open-v2,2
1604,0.47304055,0.70699567,3,door-open-v2,2
958,0.46913147,0.6492822,3,door-open-v2,2
635,0.55604964,0.61539406,3,door-open-v2,2
1737,0.5870383,0.6390508,3,door-open-v2,2
1736,0.4688961,0.6679887,3,door-open-v2,2
1734,0.49282572,0.5727622,3,door-open-v2,2
1733,0.4749426,0.61287445,3,door-open-v2,2
1726,0.56364655,0.62855154,3,door-open-v2,2
1869,0.6219995,0.677659,3,door-open-v2,2
23,0.5910697,0.62082404,3,door-open-v2,2
227,0.49940902,0.71877646,3,door-open-v2,2
267,0.5172241,0.681603,3,door-open-v2,2
13,0.4891519,0.60022324,3,door-open-v2,2
1882,0.49968252,0.6530385,3,door-open-v2,2
145,0.60437894,0.6855968,3,door-open-v2,2
1704,0.52349085,0.66488546,3,door-open-v2,2
663,0.4648201,0.70319283,3,door-open-v2,2
137,0.46128657,0.676512,3,door-open-v2,2
146,0.5936749,0.69601446,3,door-open-v2,2
11,0.59680635,0.65686446,3,door-open-v2,2
221,0.5482655,0.63045806,3,door-open-v2,2
1698,0.54031414,0.6366656,3,door-open-v2,2
147,0.5973175,0.63578075,3,door-open-v2,2
1812,0.44589844,0.6353593,3,door-open-v2,2
1688,0.53125674,0.6809804,3,door-open-v2,2
219,0.5395868,0.7111017,3,door-open-v2,2
579,0.5233639,0.6704391,3,door-open-v2,2
670,0.51338327,0.6382414,3,door-open-v2,2
1687,0.47748223,0.59200174,3,door-open-v2,2
1662,0.48514694,0.6440643,3,door-open-v2,2
190,0.5622525,0.6251065,3,door-open-v2,2
526,0.5480682,0.6707581,3,door-open-v2,2
259,0.48371655,0.70950466,3,door-open-v2,2
1860,0.5196135,0.69323015,3,door-open-v2,2
246,0.58450925,0.6491281,3,door-open-v2,2
1809,0.55676705,0.6163527,3,door-open-v2,2
1817,0.48791385,0.600897,3,door-open-v2,2
142,0.6024484,0.669,3,door-open-v2,2
1824,0.60174793,0.65793496,3,door-open-v2,2
1825,0.5934647,0.6534602,3,door-open-v2,2
536,0.5333567,0.70900744,3,door-open-v2,2
1829,0.453531,0.701924,3,door-open-v2,2
252,0.48237175,0.6790968,3,door-open-v2,2
1778,0.5453375,0.5723688,3,door-open-v2,2
1777,0.5725632,0.6547972,3,door-open-v2,2
1837,0.5133086,0.5840567,3,door-open-v2,2
1838,0.4775216,0.61344105,3,door-open-v2,2
240,0.44841483,0.6426892,3,door-open-v2,2
1842,0.5703292,0.6476923,3,door-open-v2,2
707,0.5118569,0.62027204,3,door-open-v2,2
608,0.5430911,0.7083867,3,door-open-v2,2
607,0.5128006,0.5715215,3,door-open-v2,2
604,0.5580092,0.6986171,3,door-open-v2,2
1756,0.45555663,0.6450661,3,door-open-v2,2
602,0.49080348,0.720558,3,door-open-v2,2
1755,0.53969115,0.6377627,3,door-open-v2,2
642,0.6071963,0.63474256,3,door-open-v2,2
1857,0.49628472,0.6610043,3,door-open-v2,2
1858,0.6254147,0.6700587,3,door-open-v2,2
232,0.53563356,0.7013989,3,door-open-v2,2
20,0.5233736,0.6749374,3,door-open-v2,2
1861,0.50050044,0.6939633,3,door-open-v2,2
1916,0.6023395,0.63486594,3,door-open-v2,2
1696,0.607035,0.69535565,3,door-open-v2,2
203,0.48688948,0.5978564,3,door-open-v2,2
196,0.54565257,0.67249006,3,door-open-v2,2
1642,0.5736383,0.60448146,3,door-open-v2,2
1641,0.52218735,0.6675513,3,door-open-v2,2
1640,0.5349501,0.66331726,3,door-open-v2,2
1659,0.47038725,0.68705237,3,door-open-v2,2
31,0.48802522,0.5798405,3,door-open-v2,2
691,0.499111,0.649254,3,door-open-v2,2
692,0.55931646,0.64442736,3,door-open-v2,2
1636,0.47008884,0.5729035,3,door-open-v2,2
202,0.52968436,0.632264,3,door-open-v2,2
1958,0.6254699,0.67131567,3,door-open-v2,2
1635,0.4706297,0.5973498,3,door-open-v2,2
287,0.4838581,0.5675348,3,door-open-v2,2
522,0.47078848,0.6759406,3,door-open-v2,2
1994,0.59164894,0.68320423,3,door-open-v2,2
552,0.5392439,0.5983647,3,door-open-v2,2
288,0.48340717,0.70592815,3,door-open-v2,2
702,0.5836461,0.5891658,3,door-open-v2,2
1615,0.44067723,0.64404553,3,door-open-v2,2
1997,0.53272456,0.7052541,3,door-open-v2,2
705,0.45441803,0.6939858,3,door-open-v2,2
550,0.47286183,0.6437129,3,door-open-v2,2
285,0.47410837,0.64472115,3,door-open-v2,2
1949,0.57126504,0.59779215,3,door-open-v2,2
1816,0.5277688,0.603336,3,door-open-v2,2
1939,0.4448815,0.6574528,3,door-open-v2,2
280,0.558947,0.6978456,3,door-open-v2,2
1945,0.51019007,0.67306966,3,door-open-v2,2
572,0.6038621,0.61282855,3,door-open-v2,2
1657,0.5071803,0.5972569,3,door-open-v2,2
680,0.45723638,0.664303,3,door-open-v2,2
1927,0.5291408,0.5924296,3,door-open-v2,2
1948,0.479775,0.6148261,3,door-open-v2,2
437,0.9539906,0.5443773,4,faucet-open-v2,0
1833,0.8733284,0.6067373,4,faucet-open-v2,0
972,0.88099134,0.515098,4,faucet-open-v2,0
201,0.8914928,0.51118916,4,faucet-open-v2,0
1846,0.941727,0.57157636,4,faucet-open-v2,0
8,0.84798247,0.63942873,4,faucet-open-v2,0
973,0.96407217,0.55669767,4,faucet-open-v2,0
1141,0.9088001,0.4783799,4,faucet-open-v2,0
438,0.9281553,0.4867839,4,faucet-open-v2,0
429,0.95059127,0.51523036,4,faucet-open-v2,0
1057,0.95005596,0.5158281,4,faucet-open-v2,0
965,0.96713877,0.51921606,4,faucet-open-v2,0
78,0.8360206,0.58976233,4,faucet-open-v2,0
962,0.93632203,0.48379785,4,faucet-open-v2,0
1894,0.9443808,0.5929139,4,faucet-open-v2,0
1037,0.8787957,0.47764325,4,faucet-open-v2,0
244,0.8757827,0.48177135,4,faucet-open-v2,0
1050,0.9196004,0.5021434,4,faucet-open-v2,0
1183,0.9695943,0.52483386,4,faucet-open-v2,0
1187,0.9678102,0.5557955,4,faucet-open-v2,0
1049,0.92211306,0.6134052,4,faucet-open-v2,0
1897,0.97440284,0.53013855,4,faucet-open-v2,0
418,0.8942668,0.4910782,4,faucet-open-v2,0
1918,0.96720076,0.58549774,4,faucet-open-v2,0
235,0.83560777,0.6321375,4,faucet-open-v2,0
234,0.8598957,0.582004,4,faucet-open-v2,0
1122,0.91000557,0.51174414,4,faucet-open-v2,0
225,0.8421457,0.6021118,4,faucet-open-v2,0
408,0.8199184,0.59633136,4,faucet-open-v2,0
1007,0.87384313,0.6153025,4,faucet-open-v2,0
413,0.86027974,0.5512861,4,faucet-open-v2,0
3,0.8801775,0.58564264,4,faucet-open-v2,0
1002,0.89985764,0.5921167,4,faucet-open-v2,0
212,0.87619776,0.53265333,4,faucet-open-v2,0
1867,0.909503,0.5458861,4,faucet-open-v2,0
1090,0.8782209,0.6200148,4,faucet-open-v2,0
1866,0.8601299,0.5905828,4,faucet-open-v2,0
1864,0.8159821,0.601839,4,faucet-open-v2,0
975,0.9111965,0.4861223,4,faucet-open-v2,0
102,0.91147107,0.4806463,4,faucet-open-v2,0
1933,0.8256257,0.59348,4,faucet-open-v2,0
424,0.8330592,0.55191344,4,faucet-open-v2,0
431,0.8885957,0.5183055,4,faucet-open-v2,0
1929,0.9382985,0.5294204,4,faucet-open-v2,0
1065,0.92412925,0.6060531,4,faucet-open-v2,0
87,0.9474251,0.5285846,4,faucet-open-v2,0
434,0.9059032,0.47712025,4,faucet-open-v2,0
1982,0.9070283,0.46774137,4,faucet-open-v2,0
1985,0.90306985,0.5469842,4,faucet-open-v2,0
976,0.83478147,0.63012785,4,faucet-open-v2,0
1082,0.9351583,0.6022899,4,faucet-open-v2,0
1884,0.9016397,0.63739026,4,faucet-open-v2,0
9,0.9737009,0.55320835,4,faucet-open-v2,0
1602,0.94119257,0.5725192,4,faucet-open-v2,0
1202,0.9448654,0.53408694,4,faucet-open-v2,0
321,0.8500444,0.546281,4,faucet-open-v2,0
46,0.85880023,0.54531616,4,faucet-open-v2,0
1646,0.9063377,0.61196935,4,faucet-open-v2,0
959,0.9034898,0.5557656,4,faucet-open-v2,0
1472,0.8897234,0.6589447,4,faucet-open-v2,0
1469,0.9099649,0.4893321,4,faucet-open-v2,0
1465,0.97884804,0.547929,4,faucet-open-v2,0
1649,0.8959123,0.62600803,4,faucet-open-v2,0
1461,0.9240645,0.53422123,4,faucet-open-v2,0
1454,0.9090352,0.54033524,4,faucet-open-v2,0
1654,0.9189298,0.619711,4,faucet-open-v2,0
327,0.9355642,0.5542649,4,faucet-open-v2,0
50,0.9297971,0.6044699,4,faucet-open-v2,0
1437,0.8780795,0.5685785,4,faucet-open-v2,0
1429,0.8785917,0.5453933,4,faucet-open-v2,0
1428,0.8526485,0.5495133,4,faucet-open-v2,0
1424,0.85987526,0.62994033,4,faucet-open-v2,0
28,0.8854653,0.6048926,4,faucet-open-v2,0
274,0.9787528,0.55764127,4,faucet-open-v2,0
1416,0.89372617,0.5368611,4,faucet-open-v2,0
1404,0.8958912,0.65084964,4,faucet-open-v2,0
1645,0.89035875,0.63382185,4,faucet-open-v2,0
1397,0.87954164,0.64630187,4,faucet-open-v2,0
1482,0.9664852,0.58680487,4,faucet-open-v2,0
1485,0.90482295,0.56612647,4,faucet-open-v2,0
33,0.8983022,0.5939358,4,faucet-open-v2,0
291,0.8489027,0.6281563,4,faucet-open-v2,0
1585,0.8555592,0.56953055,4,faucet-open-v2,0
1579,0.8935762,0.47371978,4,faucet-open-v2,0
1578,0.91639906,0.5339922,4,faucet-open-v2,0
1621,0.8932017,0.47620073,4,faucet-open-v2,0
1577,0.8596909,0.551777,4,faucet-open-v2,0
1565,0.8758096,0.5322654,4,faucet-open-v2,0
1562,0.97432065,0.5709807,4,faucet-open-v2,0
1560,0.9245556,0.60808605,4,faucet-open-v2,0
1625,0.90900445,0.5276172,4,faucet-open-v2,0
1551,0.916315,0.5360113,4,faucet-open-v2,0
1632,0.8759533,0.6444655,4,faucet-open-v2,0
1548,0.9579926,0.5402466,4,faucet-open-v2,0
301,0.9975186,0.5401374,4,faucet-open-v2,0
1542,0.9408904,0.55987346,4,faucet-open-v2,0
1523,0.8733493,0.525584,4,faucet-open-v2,0
1510,0.90650123,0.6058406,4,faucet-open-v2,0
184,0.8909779,0.5434714,4,faucet-open-v2,0
1488,0.91813296,0.507081,4,faucet-open-v2,0
1643,0.9337914,0.5781858,4,faucet-open-v2,0
1644,0.90424216,0.59948236,4,faucet-open-v2,0
377,0.8564664,0.633772,4,faucet-open-v2,0
338,0.9030624,0.63093954,4,faucet-open-v2,0
1390,0.8727725,0.5063466,4,faucet-open-v2,0
1758,0.8565527,0.6459643,4,faucet-open-v2,0
1763,0.99629664,0.5413825,4,faucet-open-v2,0
65,0.92978746,0.5798181,4,faucet-open-v2,0
1284,0.90512484,0.46488985,4,faucet-open-v2,0
253,0.9227682,0.5568297,4,faucet-open-v2,0
1765,0.88898283,0.49466345,4,faucet-open-v2,0
363,0.86294746,0.5234798,4,faucet-open-v2,0
1766,0.92111534,0.55636454,4,faucet-open-v2,0
364,0.9220792,0.58480155,4,faucet-open-v2,0
1257,0.8788217,0.47402975,4,faucet-open-v2,0
1253,0.8606292,0.59345776,4,faucet-open-v2,0
1250,0.9514508,0.5241491,4,faucet-open-v2,0
1768,0.9069945,0.58443445,4,faucet-open-v2,0
1228,0.9457103,0.5387307,4,faucet-open-v2,0
372,0.9748753,0.5747124,4,faucet-open-v2,0
1791,0.95294416,0.54613316,4,faucet-open-v2,0
373,0.8439414,0.6193577,4,faucet-open-v2,0
1212,0.8738046,0.60773367,4,faucet-open-v2,0
1800,0.82993865,0.626869,4,faucet-open-v2,0
1209,0.93248653,0.5790412,4,faucet-open-v2,0
1807,0.8770841,0.49717507,4,faucet-open-v2,0
1302,0.81740195,0.5995608,4,faucet-open-v2,0
1694,0.8611757,0.62456864,4,faucet-open-v2,0
1753,0.8844358,0.4872874,4,faucet-open-v2,0
1751,0.83416253,0.627345,4,faucet-open-v2,0
1389,0.9024005,0.48566386,4,faucet-open-v2,0
1384,0.878457,0.51156056,4,faucet-open-v2,0
1382,0.8369413,0.5746304,4,faucet-open-v2,0
342,0.84215444,0.5842376,4,faucet-open-v2,0
1703,0.85052145,0.5769187,4,faucet-open-v2,0
1373,0.9745019,0.57258844,4,faucet-open-v2,0
24,0.84609145,0.6369694,4,faucet-open-v2,0
269,0.9681067,0.5357579,4,faucet-open-v2,0
1368,0.8710098,0.6108499,4,faucet-open-v2,0
1362,0.83978254,0.60997474,4,faucet-open-v2,0
1361,0.89186734,0.65650326,4,faucet-open-v2,0
1360,0.97669035,0.5303983,4,faucet-open-v2,0
1711,0.8828102,0.54786915,4,faucet-open-v2,0
1723,0.83191633,0.588316,4,faucet-open-v2,0
1344,0.8414103,0.59698886,4,faucet-open-v2,0
1336,0.88660455,0.6035857,4,faucet-open-v2,0
262,0.9493776,0.52685475,4,faucet-open-v2,0
349,0.8777132,0.5679119,4,faucet-open-v2,0
258,0.9300001,0.48533738,4,faucet-open-v2,0
1320,0.91026473,0.51053697,4,faucet-open-v2,0
175,0.88686216,0.48738304,4,faucet-open-v2,0
1314,0.8796034,0.5838048,4,faucet-open-v2,0
547,0.89294344,0.5409912,4,faucet-open-v2,0
1274,0.9210198,0.5509756,4,faucet-open-v2,0
105,0.8334715,0.55188036,4,faucet-open-v2,0
766,0.8999315,0.63507915,4,faucet-open-v2,0
499,0.87579674,0.4995157,4,faucet-open-v2,0
748,0.8856428,0.5145666,4,faucet-open-v2,0
746,0.8555132,0.5694477,4,faucet-open-v2,0
927,0.8509069,0.6312327,4,faucet-open-v2,0
578,0.95823777,0.55841154,4,faucet-open-v2,0
728,0.84939235,0.63273966,4,faucet-open-v2,0
584,0.85205853,0.5531424,4,faucet-open-v2,0
923,0.9451775,0.56993455,4,faucet-open-v2,0
589,0.9389974,0.5987728,4,faucet-open-v2,0
844,0.9094845,0.5294933,4,faucet-open-v2,0
723,0.84399575,0.6148321,4,faucet-open-v2,0
130,0.8821209,0.5102764,4,faucet-open-v2,0
475,0.8922047,0.48900422,4,faucet-open-v2,0
594,0.82539904,0.58412856,4,faucet-open-v2,0
455,0.9396962,0.55252564,4,faucet-open-v2,0
516,0.97152346,0.5406181,4,faucet-open-v2,0
598,0.95300585,0.5628021,4,faucet-open-v2,0
603,0.86158395,0.6255475,4,faucet-open-v2,0
703,0.93770814,0.48290682,4,faucet-open-v2,0
609,0.8358401,0.5787708,4,faucet-open-v2,0
154,0.8798736,0.58982176,4,faucet-open-v2,0
618,0.87573665,0.5613588,4,faucet-open-v2,0
144,0.916041,0.55934155,4,faucet-open-v2,0
630,0.8968872,0.6457606,4,faucet-open-v2,0
660,0.8830012,0.54789186,4,faucet-open-v2,0
640,0.9205082,0.49849966,4,faucet-open-v2,0
880,0.87457615,0.5634152,4,faucet-open-v2,0
656,0.8595715,0.57785684,4,faucet-open-v2,0
150,0.84282047,0.608852,4,faucet-open-v2,0
564,0.95907325,0.53629893,4,faucet-open-v2,0
916,0.8978341,0.6564974,4,faucet-open-v2,0
151,0.8412027,0.5930692,4,faucet-open-v2,0
815,0.90532076,0.61446273,4,faucet-open-v2,0
481,0.8458975,0.55749965,4,faucet-open-v2,0
829,1.0,0.53701735,4,faucet-open-v2,0
558,0.9757573,0.5525039,4,faucet-open-v2,0
945,0.910402,0.5057509,4,faucet-open-v2,0
797,0.9153177,0.6203363,4,faucet-open-v2,0
794,0.8980662,0.63388544,4,faucet-open-v2,0
942,0.97652644,0.5206014,4,faucet-open-v2,0
941,0.9048124,0.543863,4,faucet-open-v2,0
787,0.8741791,0.6441537,4,faucet-open-v2,0
652,0.90445745,0.5667567,4,faucet-open-v2,0
1457,0.05389365,0.36782146,5,drawer-close-v2,4
671,0.111455575,0.40567818,5,drawer-close-v2,4
1157,0.1381627,0.36806345,5,drawer-close-v2,4
672,0.122210555,0.39521936,5,drawer-close-v2,4
1683,0.16310523,0.34483296,5,drawer-close-v2,4
1677,0.15410678,0.39415634,5,drawer-close-v2,4
1411,0.052394386,0.32314008,5,drawer-close-v2,4
76,0.009341358,0.37278906,5,drawer-close-v2,4
1671,0.06782589,0.29434526,5,drawer-close-v2,4
1665,0.023385609,0.33515623,5,drawer-close-v2,4
806,0.11628589,0.3776281,5,drawer-close-v2,4
675,0.15863581,0.33172306,5,drawer-close-v2,4
1658,0.122951224,0.37960824,5,drawer-close-v2,4
75,0.0557242,0.34750158,5,drawer-close-v2,4
682,0.08589616,0.36648762,5,drawer-close-v2,4
1175,0.0380222,0.3842867,5,drawer-close-v2,4
1176,0.07725259,0.380669,5,drawer-close-v2,4
684,0.023460947,0.4087773,5,drawer-close-v2,4
689,0.031303763,0.38493708,5,drawer-close-v2,4
1181,0.010982788,0.41395217,5,drawer-close-v2,4
1629,0.09082086,0.30404747,5,drawer-close-v2,4
1185,0.076485574,0.32096583,5,drawer-close-v2,4
470,0.12194225,0.41677937,5,drawer-close-v2,4
1188,0.014966248,0.3145517,5,drawer-close-v2,4
115,0.009419051,0.33107084,5,drawer-close-v2,4
1346,0.17378052,0.3940991,5,drawer-close-v2,4
1155,0.109260716,0.27986863,5,drawer-close-v2,4
1154,0.082285635,0.35179415,5,drawer-close-v2,4
271,0.032219287,0.31019312,5,drawer-close-v2,4
1695,0.16016681,0.34291592,5,drawer-close-v2,4
1731,0.11513294,0.37952712,5,drawer-close-v2,4
264,0.057452016,0.34057057,5,drawer-close-v2,4
1323,0.020832911,0.40088147,5,drawer-close-v2,4
1719,0.12554401,0.4120029,5,drawer-close-v2,4
1718,0.06151765,0.42490456,5,drawer-close-v2,4
814,0.10829423,0.38589492,5,drawer-close-v2,4
398,0.030018475,0.3132905,5,drawer-close-v2,4
397,0.057989076,0.38111052,5,drawer-close-v2,4
396,0.08368085,0.35328043,5,drawer-close-v2,4
657,0.053895507,0.33929926,5,drawer-close-v2,4
1135,0.15934707,0.39657274,5,drawer-close-v2,4
361,0.11947171,0.32553357,5,drawer-close-v2,4
1190,0.0900844,0.39694828,5,drawer-close-v2,4
1714,0.0783848,0.38312992,5,drawer-close-v2,4
266,0.09837518,0.4332205,5,drawer-close-v2,4
659,0.0671012,0.3893231,5,drawer-close-v2,4
124,0.10930182,0.43041173,5,drawer-close-v2,4
484,0.0900763,0.41298866,5,drawer-close-v2,4
1701,0.03931741,0.33543342,5,drawer-close-v2,4
869,0.045746807,0.35194495,5,drawer-close-v2,4
1147,0.031569898,0.31601882,5,drawer-close-v2,4
113,0.09462896,0.32654765,5,drawer-close-v2,4
1149,0.06379208,0.3778946,5,drawer-close-v2,4
1337,0.16951478,0.39525825,5,drawer-close-v2,4
666,0.056762327,0.2932678,5,drawer-close-v2,4
25,0.10849177,0.43265158,5,drawer-close-v2,4
1712,0.16588771,0.343678,5,drawer-close-v2,4
1452,0.103623144,0.4256922,5,drawer-close-v2,4
1626,0.083091274,0.36541852,5,drawer-close-v2,4
523,0.1032141,0.42689633,5,drawer-close-v2,4
1556,0.13757645,0.3372362,5,drawer-close-v2,4
1271,0.12900116,0.36793956,5,drawer-close-v2,4
1269,0.1408902,0.39668906,5,drawer-close-v2,4
726,0.060616978,0.3710695,5,drawer-close-v2,4
786,0.10233636,0.316701,5,drawer-close-v2,4
302,0.092331894,0.3037955,5,drawer-close-v2,4
1236,0.14193793,0.31623033,5,drawer-close-v2,4
784,0.043576237,0.3780743,5,drawer-close-v2,4
305,0.015837718,0.31171745,5,drawer-close-v2,4
1516,0.1177543,0.33516377,5,drawer-close-v2,4
1512,0.04664381,0.42053095,5,drawer-close-v2,4
1245,0.16461399,0.40634552,5,drawer-close-v2,4
1398,0.12895602,0.29542327,5,drawer-close-v2,4
1246,0.157034,0.41422787,5,drawer-close-v2,4
309,0.026246272,0.40595117,5,drawer-close-v2,4
1503,0.016673012,0.3826163,5,drawer-close-v2,4
1496,0.026149064,0.393153,5,drawer-close-v2,4
838,0.047718704,0.4170931,5,drawer-close-v2,4
315,0.045229983,0.32951534,5,drawer-close-v2,4
1401,0.14074087,0.369347,5,drawer-close-v2,4
1259,0.1324488,0.3257108,5,drawer-close-v2,4
178,0.06346564,0.33287087,5,drawer-close-v2,4
64,0.09912135,0.29151347,5,drawer-close-v2,4
1263,0.09963582,0.3273718,5,drawer-close-v2,4
1265,0.121555254,0.3418121,5,drawer-close-v2,4
1558,0.12860903,0.43812793,5,drawer-close-v2,4
1378,0.10018779,0.33821353,5,drawer-close-v2,4
1408,0.113152266,0.34316602,5,drawer-close-v2,4
1227,0.08597928,0.35830972,5,drawer-close-v2,4
1194,0.04280632,0.3582856,5,drawer-close-v2,4
1620,0.12084637,0.42121384,5,drawer-close-v2,4
701,0.0,0.33735585,5,drawer-close-v2,4
1281,0.12810239,0.38242725,5,drawer-close-v2,4
1279,0.1559081,0.41607413,5,drawer-close-v2,4
1611,0.07233432,0.344927,5,drawer-close-v2,4
1205,0.090302266,0.3965685,5,drawer-close-v2,4
1206,0.07273529,0.32246312,5,drawer-close-v2,4
521,0.003998491,0.35742384,5,drawer-close-v2,4
345,0.11391113,0.3418506,5,drawer-close-v2,4
1208,0.04732539,0.41963938,5,drawer-close-v2,4
487,0.120705836,0.30611318,5,drawer-close-v2,4
1311,0.09736145,0.42584398,5,drawer-close-v2,4
132,0.020303002,0.3103266,5,drawer-close-v2,4
1278,0.08904781,0.32589242,5,drawer-close-v2,4
179,0.056953255,0.29500675,5,drawer-close-v2,4
1433,0.16195424,0.37118182,5,drawer-close-v2,4
718,0.1619071,0.39887682,5,drawer-close-v2,4
1567,0.011902386,0.41359833,5,drawer-close-v2,4
70,0.0008527706,0.33653584,5,drawer-close-v2,4
879,0.06884337,0.29311928,5,drawer-close-v2,4
1566,0.059524335,0.3068817,5,drawer-close-v2,4
1222,0.11976595,0.31202745,5,drawer-close-v2,4
1375,0.12879504,0.3544215,5,drawer-close-v2,4
1376,0.06519052,0.42388248,5,drawer-close-v2,4
1561,0.03674058,0.35873625,5,drawer-close-v2,4
295,0.11367137,0.37742645,5,drawer-close-v2,4
1410,0.12458638,0.30202937,5,drawer-close-v2,4
812,0.10239411,0.31851086,5,drawer-close-v2,4
1119,0.024901172,0.40964246,5,drawer-close-v2,4
577,0.11510078,0.41436076,5,drawer-close-v2,4
220,0.062117692,0.39267012,5,drawer-close-v2,4
1025,0.113920934,0.4130937,5,drawer-close-v2,4
1888,0.16082191,0.3493824,5,drawer-close-v2,4
108,0.072125286,0.42187974,5,drawer-close-v2,4
590,0.08337923,0.27940097,5,drawer-close-v2,4
1120,0.06975808,0.28313076,5,drawer-close-v2,4
1875,0.08229229,0.27747288,5,drawer-close-v2,4
1873,0.023668492,0.33791035,5,drawer-close-v2,4
591,0.07632068,0.2950422,5,drawer-close-v2,4
1871,0.022057667,0.38785988,5,drawer-close-v2,4
1043,0.061609287,0.33251855,5,drawer-close-v2,4
1898,0.13248248,0.32526368,5,drawer-close-v2,4
229,0.14051348,0.37443092,5,drawer-close-v2,4
456,0.091130406,0.28192663,5,drawer-close-v2,4
1051,0.09454127,0.35571885,5,drawer-close-v2,4
601,0.1176542,0.3617647,5,drawer-close-v2,4
95,0.004233835,0.35794994,5,drawer-close-v2,4
1852,0.11268563,0.3480896,5,drawer-close-v2,4
606,0.058164112,0.3661506,5,drawer-close-v2,4
415,0.1097659,0.28657526,5,drawer-close-v2,4
1848,0.14930536,0.36849517,5,drawer-close-v2,4
610,0.09120176,0.32659626,5,drawer-close-v2,4
239,0.0962301,0.43932706,5,drawer-close-v2,4
612,0.07596151,0.37616456,5,drawer-close-v2,4
613,0.050267056,0.39215636,5,drawer-close-v2,4
153,0.055121712,0.4232711,5,drawer-close-v2,4
1067,0.09527844,0.44189125,5,drawer-close-v2,4
1901,0.036712054,0.3598058,5,drawer-close-v2,4
1914,0.107408345,0.2825726,5,drawer-close-v2,4
955,0.1386294,0.33714464,5,drawer-close-v2,4
2,0.122339725,0.39595962,5,drawer-close-v2,4
554,0.011097336,0.33054158,5,drawer-close-v2,4
1987,0.16244027,0.38631257,5,drawer-close-v2,4
556,0.10706717,0.43772247,5,drawer-close-v2,4
947,0.059986014,0.4226966,5,drawer-close-v2,4
1977,0.09923295,0.33804235,5,drawer-close-v2,4
205,0.117831744,0.3287225,5,drawer-close-v2,4
1975,0.1270214,0.43516755,5,drawer-close-v2,4
449,0.1272768,0.35798085,5,drawer-close-v2,4
206,0.121594235,0.42553437,5,drawer-close-v2,4
1971,0.04550114,0.32976782,5,drawer-close-v2,4
218,0.06041396,0.32610768,5,drawer-close-v2,4
4,0.056680106,0.32635808,5,drawer-close-v2,4
211,0.024031378,0.32906497,5,drawer-close-v2,4
936,0.1621793,0.37305304,5,drawer-close-v2,4
101,0.0885227,0.3676877,5,drawer-close-v2,4
996,0.06702885,0.29550296,5,drawer-close-v2,4
568,0.01004096,0.32028186,5,drawer-close-v2,4
1931,0.06267368,0.37807697,5,drawer-close-v2,4
569,0.06476004,0.43197787,5,drawer-close-v2,4
214,0.11427315,0.35967034,5,drawer-close-v2,4
932,0.12502639,0.3794069,5,drawer-close-v2,4
1921,0.08003076,0.31995782,5,drawer-close-v2,4
1920,0.04209585,0.41214612,5,drawer-close-v2,4
930,0.056449745,0.3951172,5,drawer-close-v2,4
561,0.043801665,0.37658086,5,drawer-close-v2,4
457,0.026514802,0.41611445,5,drawer-close-v2,4
1036,0.16837677,0.34502655,5,drawer-close-v2,4
410,0.0934967,0.28489137,5,drawer-close-v2,4
1111,0.09146753,0.43195134,5,drawer-close-v2,4
1078,0.16150916,0.3917475,5,drawer-close-v2,4
1789,0.058594596,0.42927986,5,drawer-close-v2,4
399,0.071713,0.28698963,5,drawer-close-v2,4
889,0.109338224,0.28773332,5,drawer-close-v2,4
638,0.11921232,0.31010097,5,drawer-close-v2,4
461,0.058183085,0.36112052,5,drawer-close-v2,4
620,0.058391716,0.30308515,5,drawer-close-v2,4
21,0.11304174,0.29415622,5,drawer-close-v2,4
1750,0.14154513,0.31642902,5,drawer-close-v2,4
1076,0.16047204,0.3969589,5,drawer-close-v2,4
1779,0.049033243,0.40919316,5,drawer-close-v2,4
619,0.021644253,0.38864842,5,drawer-close-v2,4
1075,0.10199118,0.27757367,5,drawer-close-v2,4
1775,0.13818018,0.39135024,5,drawer-close-v2,4
1792,0.13765837,0.39045185,5,drawer-close-v2,4
1828,0.04184276,0.42556575,5,drawer-close-v2,4
1096,0.0125363385,0.30768406,5,drawer-close-v2,4
615,0.12625109,0.29906535,5,drawer-close-v2,4
141,0.11700899,0.33075967,5,drawer-close-v2,4
1832,0.047176298,0.3532197,5,drawer-close-v2,4
139,0.044552654,0.35899127,5,drawer-close-v2,4
163,0.1349121,0.36657342,5,drawer-close-v2,4
1762,0.68655443,0.48715875,6,button-press-topdown-v2,5
1760,0.6207096,0.43690506,6,button-press-topdown-v2,5
774,0.59019303,0.44590482,6,button-press-topdown-v2,5
658,0.69276625,0.4288645,6,button-press-topdown-v2,5
565,0.6824653,0.4266465,6,button-press-topdown-v2,5
1426,0.6595342,0.43845505,6,button-press-topdown-v2,5
1943,0.5854575,0.44247976,6,button-press-topdown-v2,5
567,0.6611005,0.39740714,6,button-press-topdown-v2,5
1941,0.6987645,0.4766065,6,button-press-topdown-v2,5
1431,0.7058336,0.44075137,6,button-press-topdown-v2,5
1950,0.58986306,0.45116314,6,button-press-topdown-v2,5
1435,0.60207057,0.3994787,6,button-press-topdown-v2,5
1445,0.7016233,0.4514625,6,button-press-topdown-v2,5
1774,0.60920703,0.41235745,6,button-press-topdown-v2,5
1448,0.7223318,0.42762643,6,button-press-topdown-v2,5
1702,0.6034607,0.44838122,6,button-press-topdown-v2,5
571,0.64746046,0.42542216,6,button-press-topdown-v2,5
761,0.7063734,0.4977697,6,button-press-topdown-v2,5
1699,0.711323,0.42281938,6,button-press-topdown-v2,5
758,0.71167976,0.41331872,6,button-press-topdown-v2,5
1467,0.6669525,0.38712573,6,button-press-topdown-v2,5
1942,0.6542816,0.37912592,6,button-press-topdown-v2,5
1951,0.725815,0.39836654,6,button-press-topdown-v2,5
1634,0.6535816,0.3632976,6,button-press-topdown-v2,5
776,0.6087731,0.4621007,6,button-press-topdown-v2,5
138,0.6936763,0.38927484,6,button-press-topdown-v2,5
1995,0.6640553,0.47662354,6,button-press-topdown-v2,5
1992,0.6122125,0.44134998,6,button-press-topdown-v2,5
1331,0.652074,0.38305756,6,button-press-topdown-v2,5
1334,0.6646269,0.39022496,6,button-press-topdown-v2,5
200,0.6736695,0.3876276,6,button-press-topdown-v2,5
1340,0.64088225,0.4023677,6,button-press-topdown-v2,5
1341,0.6489723,0.36781543,6,button-press-topdown-v2,5
1728,0.61263645,0.4458296,6,button-press-topdown-v2,5
1984,0.6870471,0.4225326,6,button-press-topdown-v2,5
646,0.6525638,0.4065204,6,button-press-topdown-v2,5
1348,0.61586905,0.40692696,6,button-press-topdown-v2,5
804,0.7107107,0.47580108,6,button-press-topdown-v2,5
1952,0.6797328,0.41284955,6,button-press-topdown-v2,5
140,0.63925093,0.46255466,6,button-press-topdown-v2,5
1365,0.7544921,0.46410996,6,button-press-topdown-v2,5
1367,0.7353367,0.38961896,6,button-press-topdown-v2,5
1748,0.71312904,0.42391872,6,button-press-topdown-v2,5
1369,0.6079865,0.45706996,6,button-press-topdown-v2,5
641,0.7498488,0.45411074,6,button-press-topdown-v2,5
1715,0.6967519,0.5071485,6,button-press-topdown-v2,5
1379,0.6971096,0.4045024,6,button-press-topdown-v2,5
207,0.6805465,0.41265848,6,button-press-topdown-v2,5
785,0.6829902,0.42616686,6,button-press-topdown-v2,5
1757,0.76241773,0.4624312,6,button-press-topdown-v2,5
1394,0.68087286,0.43531793,6,button-press-topdown-v2,5
7,0.60400534,0.4549731,6,button-press-topdown-v2,5
1953,0.62178594,0.43309224,6,button-press-topdown-v2,5
1746,0.69963896,0.44738004,6,button-press-topdown-v2,5
1776,0.68613267,0.40835008,6,button-press-topdown-v2,5
1908,0.7334277,0.412028,6,button-press-topdown-v2,5
316,0.72268677,0.4892293,6,button-press-topdown-v2,5
298,0.66444534,0.45129022,6,button-press-topdown-v2,5
1574,0.7565712,0.384936,6,button-press-topdown-v2,5
297,0.67333126,0.40041566,6,button-press-topdown-v2,5
592,0.5937747,0.44497344,6,button-press-topdown-v2,5
717,0.6196215,0.3974031,6,button-press-topdown-v2,5
595,0.6162616,0.41806048,6,button-press-topdown-v2,5
241,0.7426349,0.39982674,6,button-press-topdown-v2,5
278,0.6797527,0.48687628,6,button-press-topdown-v2,5
677,0.6717427,0.42430317,6,button-press-topdown-v2,5
539,0.66803294,0.42455405,6,button-press-topdown-v2,5
617,0.72592413,0.43844846,6,button-press-topdown-v2,5
706,0.75307,0.3975169,6,button-press-topdown-v2,5
704,0.672389,0.42162025,6,button-press-topdown-v2,5
1569,0.6917646,0.4065096,6,button-press-topdown-v2,5
1607,0.6876817,0.42730427,6,button-press-topdown-v2,5
1856,0.6868871,0.4734702,6,button-press-topdown-v2,5
1613,0.69019854,0.4758169,6,button-press-topdown-v2,5
30,0.6607383,0.43646958,6,button-press-topdown-v2,5
1653,0.5992276,0.45360762,6,button-press-topdown-v2,5
700,0.6180349,0.46178308,6,button-press-topdown-v2,5
681,0.72418135,0.4219323,6,button-press-topdown-v2,5
1624,0.75023717,0.46565843,6,button-press-topdown-v2,5
1826,0.6575418,0.4928886,6,button-press-topdown-v2,5
683,0.72147673,0.40557706,6,button-press-topdown-v2,5
1628,0.68958545,0.38830453,6,button-press-topdown-v2,5
1835,0.69942915,0.4961872,6,button-press-topdown-v2,5
690,0.6608626,0.49877152,6,button-press-topdown-v2,5
1633,0.72617316,0.43806204,6,button-press-topdown-v2,5
1608,0.7529553,0.3871752,6,button-press-topdown-v2,5
1673,0.6508948,0.3676533,6,button-press-topdown-v2,5
1678,0.71916544,0.382066,6,button-press-topdown-v2,5
1813,0.6237117,0.4355368,6,button-press-topdown-v2,5
745,0.64915025,0.4052432,6,button-press-topdown-v2,5
1492,0.6030586,0.41210228,6,button-press-topdown-v2,5
1910,0.74340886,0.4483458,6,button-press-topdown-v2,5
1834,0.6675863,0.45629948,6,button-press-topdown-v2,5
576,0.67848635,0.37148216,6,button-press-topdown-v2,5
314,0.7241809,0.40221786,6,button-press-topdown-v2,5
1498,0.6727685,0.37956536,6,button-press-topdown-v2,5
1499,0.6710665,0.46776918,6,button-press-topdown-v2,5
216,0.722446,0.48887324,6,button-press-topdown-v2,5
1784,0.59995663,0.40399015,6,button-press-topdown-v2,5
1785,0.6485735,0.42454013,6,button-press-topdown-v2,5
1900,0.6091059,0.45101216,6,button-press-topdown-v2,5
1514,0.5856866,0.43719986,6,button-press-topdown-v2,5
1517,0.64388263,0.45354536,6,button-press-topdown-v2,5
1895,0.7123435,0.48881522,6,button-press-topdown-v2,5
1532,0.70090115,0.5057431,6,button-press-topdown-v2,5
39,0.76129526,0.46245646,6,button-press-topdown-v2,5
37,0.59771943,0.40384504,6,button-press-topdown-v2,5
1790,0.7261573,0.3986642,6,button-press-topdown-v2,5
583,0.69709116,0.47370428,6,button-press-topdown-v2,5
629,0.71207666,0.41644078,6,button-press-topdown-v2,5
300,0.683519,0.48685607,6,button-press-topdown-v2,5
586,0.7047567,0.49355242,6,button-press-topdown-v2,5
1881,0.67718655,0.3735566,6,button-press-topdown-v2,5
724,0.7569981,0.39773548,6,button-press-topdown-v2,5
1879,0.5963818,0.42351294,6,button-press-topdown-v2,5
1877,0.6309286,0.42245734,6,button-press-topdown-v2,5
1796,0.7062664,0.3813954,6,button-press-topdown-v2,5
299,0.7076213,0.39726743,6,button-press-topdown-v2,5
1919,0.71498126,0.4710717,6,button-press-topdown-v2,5
661,0.59495384,0.4635272,6,button-press-topdown-v2,5
751,0.74792606,0.45925957,6,button-press-topdown-v2,5
1098,0.66051304,0.48083466,6,button-press-topdown-v2,5
1064,0.6959928,0.40025735,6,button-press-topdown-v2,5
93,0.6659024,0.45362785,6,button-press-topdown-v2,5
1062,0.7367067,0.38942474,6,button-press-topdown-v2,5
1291,0.7475303,0.46477094,6,button-press-topdown-v2,5
1061,0.6376149,0.38924795,6,button-press-topdown-v2,5
1255,0.62522936,0.46022084,6,button-press-topdown-v2,5
1040,0.7026401,0.5080877,6,button-press-topdown-v2,5
905,0.64071256,0.46085364,6,button-press-topdown-v2,5
873,0.7082896,0.5018318,6,button-press-topdown-v2,5
118,0.68311054,0.38644767,6,button-press-topdown-v2,5
925,0.6419578,0.4571928,6,button-press-topdown-v2,5
1298,0.632413,0.46215826,6,button-press-topdown-v2,5
1248,0.58664423,0.43669614,6,button-press-topdown-v2,5
1196,0.75315946,0.45307735,6,button-press-topdown-v2,5
929,0.7101809,0.48901993,6,button-press-topdown-v2,5
161,0.5956211,0.46378443,6,button-press-topdown-v2,5
454,0.7080407,0.48558235,6,button-press-topdown-v2,5
480,0.6775103,0.43134668,6,button-press-topdown-v2,5
1068,0.712812,0.47458616,6,button-press-topdown-v2,5
900,0.64551646,0.41442293,6,button-press-topdown-v2,5
1140,0.6280526,0.42598432,6,button-press-topdown-v2,5
393,0.6597167,0.48166546,6,button-press-topdown-v2,5
112,0.6412399,0.40409744,6,button-press-topdown-v2,5
871,0.68538547,0.48252168,6,button-press-topdown-v2,5
1112,0.6260949,0.42804697,6,button-press-topdown-v2,5
1110,0.7219602,0.42573753,6,button-press-topdown-v2,5
1153,0.7054561,0.4411858,6,button-press-topdown-v2,5
1287,0.69211984,0.49412784,6,button-press-topdown-v2,5
400,0.5934748,0.43147266,6,button-press-topdown-v2,5
1160,0.63293105,0.38701707,6,button-press-topdown-v2,5
89,0.67266345,0.4354257,6,button-press-topdown-v2,5
890,0.6301734,0.39224997,6,button-press-topdown-v2,5
1163,0.7077873,0.38369867,6,button-press-topdown-v2,5
1260,0.7496498,0.45405495,6,button-press-topdown-v2,5
1080,0.62649655,0.38981867,6,button-press-topdown-v2,5
411,0.5933733,0.4074908,6,button-press-topdown-v2,5
388,0.7529717,0.39720222,6,button-press-topdown-v2,5
1004,0.7377251,0.38388184,6,button-press-topdown-v2,5
1268,0.67240995,0.38404876,6,button-press-topdown-v2,5
820,0.7280501,0.38956237,6,button-press-topdown-v2,5
164,0.6939043,0.44354466,6,button-press-topdown-v2,5
354,0.6156962,0.42587072,6,button-press-topdown-v2,5
939,0.7498647,0.40248573,6,button-press-topdown-v2,5
992,0.66070044,0.42944223,6,button-press-topdown-v2,5
985,0.7157025,0.37552053,6,button-press-topdown-v2,5
993,0.6599746,0.4980298,6,button-press-topdown-v2,5
819,0.63345176,0.41516787,6,button-press-topdown-v2,5
995,0.7373741,0.44523025,6,button-press-topdown-v2,5
371,0.6167166,0.43119842,6,button-press-topdown-v2,5
1998,0.69397956,0.4716286,6,button-press-topdown-v2,5
968,0.64726657,0.41832662,6,button-press-topdown-v2,5
1313,0.6808485,0.3675829,6,button-press-topdown-v2,5
841,0.71504396,0.40522283,6,button-press-topdown-v2,5
68,0.69965726,0.3973929,6,button-press-topdown-v2,5
934,0.7403173,0.39236042,6,button-press-topdown-v2,5
73,0.63188833,0.38532507,6,button-press-topdown-v2,5
104,0.6650845,0.37665302,6,button-press-topdown-v2,5
1217,0.7297815,0.41303825,6,button-press-topdown-v2,5
721,0.18494993,0.62128174,7,peg-unplug-side-v2,1
171,0.14774996,0.65846753,7,peg-unplug-side-v2,1
1660,0.2574209,0.6583424,7,peg-unplug-side-v2,1
1325,0.13342819,0.60936177,7,peg-unplug-side-v2,1
1661,0.228875,0.6866756,7,peg-unplug-side-v2,1
29,0.22317794,0.6628846,7,peg-unplug-side-v2,1
277,0.22671203,0.68836004,7,peg-unplug-side-v2,1
384,0.24642637,0.5942422,7,peg-unplug-side-v2,1
1165,0.2008511,0.5697056,7,peg-unplug-side-v2,1
1670,0.23093113,0.6584631,7,peg-unplug-side-v2,1
1675,0.24245621,0.67698884,7,peg-unplug-side-v2,1
857,0.12508135,0.579162,7,peg-unplug-side-v2,1
370,0.2164735,0.5523238,7,peg-unplug-side-v2,1
1552,0.2399996,0.56302816,7,peg-unplug-side-v2,1
662,0.14475955,0.5860129,7,peg-unplug-side-v2,1
1144,0.25082543,0.5565218,7,peg-unplug-side-v2,1
1700,0.2158415,0.6696586,7,peg-unplug-side-v2,1
867,0.17008324,0.57792205,7,peg-unplug-side-v2,1
667,0.23705056,0.62665313,7,peg-unplug-side-v2,1
1161,0.088633984,0.6242719,7,peg-unplug-side-v2,1
668,0.10967974,0.66982687,7,peg-unplug-side-v2,1
1555,0.12758894,0.67604285,7,peg-unplug-side-v2,1
1690,0.276092,0.63159823,7,peg-unplug-side-v2,1
1689,0.2257099,0.5447569,7,peg-unplug-side-v2,1
1168,0.14923584,0.5849978,7,peg-unplug-side-v2,1
1158,0.14825875,0.62366515,7,peg-unplug-side-v2,1
1680,0.22924273,0.6671171,7,peg-unplug-side-v2,1
1232,0.22930346,0.5992381,7,peg-unplug-side-v2,1
1230,0.19553868,0.6705332,7,peg-unplug-side-v2,1
678,0.16758664,0.60207057,7,peg-unplug-side-v2,1
1571,0.085402876,0.6192216,7,peg-unplug-side-v2,1
1631,0.10070856,0.6626698,7,peg-unplug-side-v2,1
1184,0.11373007,0.58489096,7,peg-unplug-side-v2,1
382,0.075609304,0.65112793,7,peg-unplug-side-v2,1
286,0.21961907,0.6280422,7,peg-unplug-side-v2,1
697,0.15061773,0.61193883,7,peg-unplug-side-v2,1
1601,0.25150064,0.58022106,7,peg-unplug-side-v2,1
695,0.21055935,0.5950549,7,peg-unplug-side-v2,1
380,0.18289049,0.69068295,7,peg-unplug-side-v2,1
1207,0.15423627,0.64345676,7,peg-unplug-side-v2,1
376,0.17907824,0.57783824,7,peg-unplug-side-v2,1
1619,0.26948553,0.5669749,7,peg-unplug-side-v2,1
1618,0.22521482,0.5730302,7,peg-unplug-side-v2,1
1617,0.21504372,0.6435684,7,peg-unplug-side-v2,1
471,0.083939515,0.6395662,7,peg-unplug-side-v2,1
1193,0.12272491,0.5780527,7,peg-unplug-side-v2,1
292,0.22612324,0.5458383,7,peg-unplug-side-v2,1
468,0.115419745,0.6492009,7,peg-unplug-side-v2,1
715,0.2212588,0.6033311,7,peg-unplug-side-v2,1
1169,0.23459066,0.66993,7,peg-unplug-side-v2,1
1198,0.22174862,0.6399329,7,peg-unplug-side-v2,1
1575,0.10096611,0.6387495,7,peg-unplug-side-v2,1
720,0.16880389,0.6676331,7,peg-unplug-side-v2,1
1582,0.27041006,0.5694032,7,peg-unplug-side-v2,1
131,0.14472899,0.65439063,7,peg-unplug-side-v2,1
1170,0.12699893,0.5808913,7,peg-unplug-side-v2,1
1171,0.1864003,0.5947327,7,peg-unplug-side-v2,1
1211,0.27792472,0.5696457,7,peg-unplug-side-v2,1
188,0.11572988,0.63571495,7,peg-unplug-side-v2,1
283,0.184893,0.6745282,7,peg-unplug-side-v2,1
864,0.18412068,0.5924226,7,peg-unplug-side-v2,1
1177,0.17753801,0.65432215,7,peg-unplug-side-v2,1
383,0.2473105,0.62233466,7,peg-unplug-side-v2,1
688,0.14644158,0.62462544,7,peg-unplug-side-v2,1
1570,0.25770652,0.6528034,7,peg-unplug-side-v2,1
1639,0.0805254,0.66496986,7,peg-unplug-side-v2,1
1773,0.1841139,0.5739043,7,peg-unplug-side-v2,1
1713,0.21168135,0.66455275,7,peg-unplug-side-v2,1
1000,0.24060392,0.5964835,7,peg-unplug-side-v2,1
1928,0.105509974,0.67818105,7,peg-unplug-side-v2,1
1925,0.17763376,0.6913833,7,peg-unplug-side-v2,1
574,0.1607283,0.5795692,7,peg-unplug-side-v2,1
148,0.10709512,0.67771906,7,peg-unplug-side-v2,1
10,0.18522519,0.64945036,7,peg-unplug-side-v2,1
1010,0.17245172,0.58222806,7,peg-unplug-side-v2,1
1909,0.18496317,0.5864827,7,peg-unplug-side-v2,1
1012,0.20417774,0.6581769,7,peg-unplug-side-v2,1
1906,0.07895501,0.6655635,7,peg-unplug-side-v2,1
428,0.17426716,0.61479795,7,peg-unplug-side-v2,1
1018,0.11162368,0.63066804,7,peg-unplug-side-v2,1
926,0.12727377,0.5741427,7,peg-unplug-side-v2,1
1893,0.19667764,0.6707326,7,peg-unplug-side-v2,1
1885,0.1789988,0.64553237,7,peg-unplug-side-v2,1
222,0.14764573,0.61749965,7,peg-unplug-side-v2,1
1031,0.24247314,0.5763248,7,peg-unplug-side-v2,1
1937,0.26747912,0.5710801,7,peg-unplug-side-v2,1
1938,0.08198084,0.65943855,7,peg-unplug-side-v2,1
1940,0.25642282,0.59517056,7,peg-unplug-side-v2,1
991,0.13555439,0.61102504,7,peg-unplug-side-v2,1
553,0.24181145,0.57024324,7,peg-unplug-side-v2,1
1993,0.28452384,0.5944483,7,peg-unplug-side-v2,1
951,0.09678858,0.6532072,7,peg-unplug-side-v2,1
447,0.13359094,0.586443,7,peg-unplug-side-v2,1
448,0.074290015,0.66243905,7,peg-unplug-side-v2,1
559,0.18956517,0.5951058,7,peg-unplug-side-v2,1
1978,0.22851156,0.66608286,7,peg-unplug-side-v2,1
1974,0.21091108,0.58049273,7,peg-unplug-side-v2,1
224,0.08775903,0.64468735,7,peg-unplug-side-v2,1
977,0.20589076,0.6069851,7,peg-unplug-side-v2,1
5,0.27074045,0.60615176,7,peg-unplug-side-v2,1
983,0.27112958,0.58950514,7,peg-unplug-side-v2,1
1960,0.24500893,0.5575116,7,peg-unplug-side-v2,1
6,0.21086806,0.6043944,7,peg-unplug-side-v2,1
562,0.27463028,0.5996065,7,peg-unplug-side-v2,1
1956,0.23313113,0.5435315,7,peg-unplug-side-v2,1
987,0.18916918,0.6031845,7,peg-unplug-side-v2,1
563,0.06524512,0.6506157,7,peg-unplug-side-v2,1
1966,0.20262182,0.5780443,7,peg-unplug-side-v2,1
81,0.18866497,0.6727372,7,peg-unplug-side-v2,1
109,0.16609906,0.67323005,7,peg-unplug-side-v2,1
228,0.22815223,0.64931434,7,peg-unplug-side-v2,1
1091,0.18743679,0.69132674,7,peg-unplug-side-v2,1
192,0.2581398,0.5926267,7,peg-unplug-side-v2,1
631,0.25534394,0.61873037,7,peg-unplug-side-v2,1
1101,0.08222913,0.6377891,7,peg-unplug-side-v2,1
1550,0.18047822,0.56338537,7,peg-unplug-side-v2,1
1770,0.22402892,0.6336012,7,peg-unplug-side-v2,1
1767,0.24541992,0.655879,7,peg-unplug-side-v2,1
882,0.20242558,0.5803705,7,peg-unplug-side-v2,1
531,0.25482208,0.6030897,7,peg-unplug-side-v2,1
1745,0.26977107,0.6549947,7,peg-unplug-side-v2,1
1115,0.27438173,0.57219666,7,peg-unplug-side-v2,1
85,0.2815402,0.6013942,7,peg-unplug-side-v2,1
1118,0.18488328,0.5624777,7,peg-unplug-side-v2,1
654,0.10056596,0.6417375,7,peg-unplug-side-v2,1
83,0.10929981,0.5911076,7,peg-unplug-side-v2,1
1717,0.21678874,0.6105979,7,peg-unplug-side-v2,1
1136,0.1655032,0.60295445,7,peg-unplug-side-v2,1
893,0.19887798,0.56971854,7,peg-unplug-side-v2,1
1794,0.17097218,0.57988995,7,peg-unplug-side-v2,1
894,0.21783896,0.66753304,7,peg-unplug-side-v2,1
1798,0.14488447,0.64567953,7,peg-unplug-side-v2,1
1046,0.26938334,0.5908918,7,peg-unplug-side-v2,1
1047,0.2864551,0.600871,7,peg-unplug-side-v2,1
1054,0.21719559,0.5516327,7,peg-unplug-side-v2,1
1055,0.24962652,0.5926365,7,peg-unplug-side-v2,1
1851,0.1894137,0.6914413,7,peg-unplug-side-v2,1
416,0.13838941,0.61372966,7,peg-unplug-side-v2,1
194,0.17349195,0.6946884,7,peg-unplug-side-v2,1
1843,0.111092344,0.5838529,7,peg-unplug-side-v2,1
226,0.12779213,0.6787586,7,peg-unplug-side-v2,1
614,0.22325473,0.55227417,7,peg-unplug-side-v2,1
1820,0.2747801,0.60137045,7,peg-unplug-side-v2,1
1083,0.13172002,0.63742995,7,peg-unplug-side-v2,1
1815,0.08586012,0.6394954,7,peg-unplug-side-v2,1
1814,0.15324901,0.58367634,7,peg-unplug-side-v2,1
247,0.09937862,0.6780585,7,peg-unplug-side-v2,1
193,0.2580103,0.5861577,7,peg-unplug-side-v2,1
1806,0.22659458,0.6201422,7,peg-unplug-side-v2,1
249,0.2053655,0.63642144,7,peg-unplug-side-v2,1
1827,0.25637427,0.64920026,7,peg-unplug-side-v2,1
731,0.21882679,0.6180978,7,peg-unplug-side-v2,1
1327,0.2690623,0.6453261,7,peg-unplug-side-v2,1
783,0.10322542,0.6618262,7,peg-unplug-side-v2,1
1290,0.07421422,0.6420989,7,peg-unplug-side-v2,1
158,0.2580736,0.5822865,7,peg-unplug-side-v2,1
778,0.22645684,0.56892586,7,peg-unplug-side-v2,1
1399,0.25711608,0.6633803,7,peg-unplug-side-v2,1
779,0.08883103,0.61639076,7,peg-unplug-side-v2,1
1252,0.23563774,0.67240775,7,peg-unplug-side-v2,1
1249,0.22070067,0.6545704,7,peg-unplug-side-v2,1
1387,0.17382613,0.693372,7,peg-unplug-side-v2,1
1386,0.08853289,0.6240728,7,peg-unplug-side-v2,1
1406,0.17469135,0.64470327,7,peg-unplug-side-v2,1
1297,0.1453414,0.65545654,7,peg-unplug-side-v2,1
1504,0.24544857,0.6224079,7,peg-unplug-side-v2,1
1505,0.16476585,0.6022329,7,peg-unplug-side-v2,1
1247,0.0847438,0.6584093,7,peg-unplug-side-v2,1
739,0.28278258,0.61123484,7,peg-unplug-side-v2,1
738,0.1656967,0.6737023,7,peg-unplug-side-v2,1
492,0.11915654,0.65908396,7,peg-unplug-side-v2,1
1377,0.21266587,0.5996306,7,peg-unplug-side-v2,1
359,0.15425569,0.6275658,7,peg-unplug-side-v2,1
1242,0.13867092,0.6355188,7,peg-unplug-side-v2,1
157,0.1299737,0.6373048,7,peg-unplug-side-v2,1
489,0.11440794,0.6482525,7,peg-unplug-side-v2,1
1258,0.27255479,0.6408372,7,peg-unplug-side-v2,1
322,0.2575262,0.61682814,7,peg-unplug-side-v2,1
764,0.11181653,0.63000894,7,peg-unplug-side-v2,1
1442,0.2096583,0.6427285,7,peg-unplug-side-v2,1
49,0.12839405,0.6371336,7,peg-unplug-side-v2,1
48,0.10591021,0.6292296,7,peg-unplug-side-v2,1
1267,0.13016288,0.582776,7,peg-unplug-side-v2,1
1434,0.24225432,0.55904746,7,peg-unplug-side-v2,1
326,0.23900616,0.5808484,7,peg-unplug-side-v2,1
325,0.10914843,0.62346804,7,peg-unplug-side-v2,1
1459,0.26686397,0.64880633,7,peg-unplug-side-v2,1
957,0.06882463,0.6512538,7,peg-unplug-side-v2,1
759,0.25675365,0.66865826,7,peg-unplug-side-v2,1
1466,0.1385871,0.6503396,7,peg-unplug-side-v2,1
162,0.2808765,0.59850764,7,peg-unplug-side-v2,1
1420,0.27613103,0.63238925,7,peg-unplug-side-v2,1
1468,0.124000125,0.6357981,7,peg-unplug-side-v2,1
332,0.22443414,0.6897977,7,peg-unplug-side-v2,1
775,0.21833456,0.61842936,7,peg-unplug-side-v2,1
754,0.18116425,0.58420795,7,peg-unplug-side-v2,1
1414,0.14619245,0.64637333,7,peg-unplug-side-v2,1
1261,0.18589543,0.6213447,7,peg-unplug-side-v2,1
770,0.19383071,0.6720829,7,peg-unplug-side-v2,1
1306,0.24181603,0.58070785,7,peg-unplug-side-v2,1
1444,0.18050908,0.6472761,7,peg-unplug-side-v2,1
1525,0.22338061,0.63762516,7,peg-unplug-side-v2,1
1526,0.072342694,0.64993644,7,peg-unplug-side-v2,1
1528,0.10830566,0.66772884,7,peg-unplug-side-v2,1
1529,0.23736131,0.5617578,7,peg-unplug-side-v2,1
1521,0.11175462,0.58670515,7,peg-unplug-side-v2,1
799,0.1961176,0.5991086,7,peg-unplug-side-v2,1
482,0.20855854,0.6421293,7,peg-unplug-side-v2,1
840,0.17481133,0.6156126,7,peg-unplug-side-v2,1
1534,0.22306538,0.6634345,7,peg-unplug-side-v2,1
176,0.24883367,0.65477496,7,peg-unplug-side-v2,1
1342,0.11961428,0.6611222,7,peg-unplug-side-v2,1
483,0.1889939,0.56791943,7,peg-unplug-side-v2,1
346,0.21458496,0.62559384,7,peg-unplug-side-v2,1
55,0.20617688,0.6305767,7,peg-unplug-side-v2,1
807,0.11394391,0.6629889,7,peg-unplug-side-v2,1
533,0.59574336,0.8849657,8,window-open-v2,3
771,0.6190733,0.8463159,8,window-open-v2,3
1795,0.6412127,0.973825,8,window-open-v2,3
809,0.5813056,0.85947853,8,window-open-v2,3
1801,0.56139296,0.92553455,8,window-open-v2,3
1425,0.5973953,0.9624657,8,window-open-v2,3
16,0.6241358,0.9822264,8,window-open-v2,3
1805,0.6536149,0.97184134,8,window-open-v2,3
17,0.54569244,0.92436165,8,window-open-v2,3
1001,0.55101436,0.9600373,8,window-open-v2,3
946,0.7044795,0.89480895,8,window-open-v2,3
773,0.64914805,0.9445418,8,window-open-v2,3
623,0.7037449,0.91888744,8,window-open-v2,3
335,0.7006561,0.88135684,8,window-open-v2,3
621,0.6874443,0.90725833,8,window-open-v2,3
1338,0.6206643,0.9688126,8,window-open-v2,3
1819,0.6288576,0.9125558,8,window-open-v2,3
979,0.63757294,0.9241605,8,window-open-v2,3
899,0.5509787,0.8492325,8,window-open-v2,3
1413,0.6952692,0.9247357,8,window-open-v2,3
1823,0.7038849,0.8560797,8,window-open-v2,3
1412,0.70567673,0.9065987,8,window-open-v2,3
173,0.7048049,0.8896116,8,window-open-v2,3
174,0.63648385,0.87652636,8,window-open-v2,3
974,0.6269679,0.96547776,8,window-open-v2,3
1983,0.6042082,0.99826854,8,window-open-v2,3
1277,0.57139,0.85350835,8,window-open-v2,3
1123,0.58283174,0.9084706,8,window-open-v2,3
1121,0.54425687,0.9485707,8,window-open-v2,3
651,0.60650486,0.9966337,8,window-open-v2,3
1,0.61692214,0.89719784,8,window-open-v2,3
1741,0.6135729,0.91939485,8,window-open-v2,3
1440,0.5521445,0.8587204,8,window-open-v2,3
255,0.5714271,0.93674004,8,window-open-v2,3
18,0.60331976,0.94249195,8,window-open-v2,3
254,0.57398623,0.89980966,8,window-open-v2,3
1273,0.6799916,0.95455915,8,window-open-v2,3
1754,0.69905734,0.8596356,8,window-open-v2,3
180,0.60501754,0.8478833,8,window-open-v2,3
1759,0.60735476,0.8613366,8,window-open-v2,3
952,0.5728339,0.9003326,8,window-open-v2,3
1330,0.5396799,0.9788511,8,window-open-v2,3
1761,0.6882629,0.94280815,8,window-open-v2,3
637,0.5554512,0.9456546,8,window-open-v2,3
250,0.63540226,0.96659327,8,window-open-v2,3
1970,0.6564285,0.89894044,8,window-open-v2,3
406,0.6207084,0.91418654,8,window-open-v2,3
767,0.576071,0.8895772,8,window-open-v2,3
555,0.6326384,0.9316895,8,window-open-v2,3
1781,0.65843695,0.88510203,8,window-open-v2,3
834,0.68965256,0.9280902,8,window-open-v2,3
167,0.6787563,0.8564992,8,window-open-v2,3
632,0.54346627,0.8621661,8,window-open-v2,3
1276,0.6741961,0.98716336,8,window-open-v2,3
1772,0.54461366,0.94937074,8,window-open-v2,3
440,0.6210674,0.8463466,8,window-open-v2,3
1990,0.5918953,0.96262324,8,window-open-v2,3
532,0.63919365,0.9611811,8,window-open-v2,3
1430,0.5408326,0.9234249,8,window-open-v2,3
560,0.5748575,0.9579587,8,window-open-v2,3
432,0.6698009,0.86054605,8,window-open-v2,3
830,0.5958987,0.9308414,8,window-open-v2,3
1890,0.55003124,0.92509544,8,window-open-v2,3
1023,0.70353794,0.90396833,8,window-open-v2,3
1308,0.58047366,0.9734573,8,window-open-v2,3
998,0.61936027,0.91540116,8,window-open-v2,3
545,0.6404732,0.95084864,8,window-open-v2,3
1383,0.63632876,0.8654628,8,window-open-v2,3
1896,0.5708691,0.90192145,8,window-open-v2,3
1359,0.68205863,0.8947475,8,window-open-v2,3
789,0.6259896,0.89063644,8,window-open-v2,3
1899,0.55484414,0.85988283,8,window-open-v2,3
491,0.6736978,0.93597025,8,window-open-v2,3
1016,0.6538534,0.924044,8,window-open-v2,3
1299,0.64439225,0.8822093,8,window-open-v2,3
217,0.67234755,0.9889406,8,window-open-v2,3
1013,0.63534075,0.9117891,8,window-open-v2,3
800,0.53000754,0.93292165,8,window-open-v2,3
1300,0.6393458,0.97955954,8,window-open-v2,3
1374,0.6762665,0.98530334,8,window-open-v2,3
1912,0.54514235,0.86167943,8,window-open-v2,3
1913,0.6353825,0.93685097,8,window-open-v2,3
1934,0.59543806,0.88253385,8,window-open-v2,3
60,0.58177894,0.93398327,8,window-open-v2,3
546,0.5527564,0.9645191,8,window-open-v2,3
430,0.5946183,0.88120776,8,window-open-v2,3
823,0.6351185,0.91200006,8,window-open-v2,3
1003,0.55281794,0.98481923,8,window-open-v2,3
1924,0.61854357,0.97700214,8,window-open-v2,3
1366,0.5782982,0.8840612,8,window-open-v2,3
1926,0.6966452,0.86864334,8,window-open-v2,3
924,0.5802485,0.8970491,8,window-open-v2,3
106,0.6884018,0.86126953,8,window-open-v2,3
1886,0.5466951,0.8874726,8,window-open-v2,3
358,0.64199907,0.9443291,8,window-open-v2,3
459,0.6293509,0.9825547,8,window-open-v2,3
1409,0.5577528,0.9210911,8,window-open-v2,3
1932,0.57507503,0.9112641,8,window-open-v2,3
1836,0.64349955,0.94753295,8,window-open-v2,3
1066,0.6012773,0.965826,8,window-open-v2,3
777,0.5770251,0.9558099,8,window-open-v2,3
1403,0.6612611,0.99592286,8,window-open-v2,3
1345,0.6455952,0.8921603,8,window-open-v2,3
1844,0.69294006,0.9256005,8,window-open-v2,3
1962,0.62969893,0.8921268,8,window-open-v2,3
906,0.6309507,0.8587207,8,window-open-v2,3
828,0.5625213,0.97474337,8,window-open-v2,3
1850,0.59628373,0.94457674,8,window-open-v2,3
122,0.5385721,0.9790745,8,window-open-v2,3
907,0.64298123,0.8642597,8,window-open-v2,3
909,0.57181656,0.8468125,8,window-open-v2,3
911,0.6494175,0.9731928,8,window-open-v2,3
1862,0.57813185,0.9641125,8,window-open-v2,3
231,0.6842572,0.893126,8,window-open-v2,3
1293,0.6816897,0.9237382,8,window-open-v2,3
51,0.61151147,0.8490181,8,window-open-v2,3
593,0.6956848,0.8642312,8,window-open-v2,3
914,0.6733742,0.9374069,8,window-open-v2,3
1730,0.61157614,0.8854384,8,window-open-v2,3
984,0.67426366,0.8972155,8,window-open-v2,3
917,0.56453204,0.9440212,8,window-open-v2,3
827,0.6970259,0.90928835,8,window-open-v2,3
1350,0.55450296,0.9830412,8,window-open-v2,3
1352,0.6200817,0.89601094,8,window-open-v2,3
802,0.5652152,0.95115685,8,window-open-v2,3
1769,0.60076934,1.0,8,window-open-v2,3
189,0.5645974,0.9494312,8,window-open-v2,3
306,0.55249465,0.8569725,8,window-open-v2,3
272,0.6404154,0.9325465,8,window-open-v2,3
1216,0.56118625,0.92593056,8,window-open-v2,3
524,0.63229066,0.94135845,8,window-open-v2,3
498,0.5916917,0.8921264,8,window-open-v2,3
527,0.5645656,0.98045915,8,window-open-v2,3
1464,0.59955984,0.9033001,8,window-open-v2,3
366,0.67869246,0.9561311,8,window-open-v2,3
1264,0.55611354,0.97419643,8,window-open-v2,3
1572,0.5521384,0.9621273,8,window-open-v2,3
27,0.5478208,0.92544246,8,window-open-v2,3
687,0.64503074,0.8842264,8,window-open-v2,3
1462,0.59849405,0.8986372,8,window-open-v2,3
851,0.6683555,0.9925193,8,window-open-v2,3
77,0.6753729,0.89677846,8,window-open-v2,3
1460,0.65086716,0.9092525,8,window-open-v2,3
1603,0.65975004,0.8869502,8,window-open-v2,3
389,0.6848023,0.92326015,8,window-open-v2,3
714,0.5633482,0.98422956,8,window-open-v2,3
835,0.5829285,0.91969264,8,window-open-v2,3
273,0.6073332,0.99647206,8,window-open-v2,3
712,0.6245289,0.94854283,8,window-open-v2,3
1597,0.55245626,0.87122554,8,window-open-v2,3
1215,0.5252967,0.93237996,8,window-open-v2,3
503,0.68500817,0.8983624,8,window-open-v2,3
1519,0.5925097,0.9404261,8,window-open-v2,3
1476,0.5835059,0.93750304,8,window-open-v2,3
747,0.6226922,0.9672504,8,window-open-v2,3
1592,0.57893556,0.91542536,8,window-open-v2,3
1593,0.5805835,0.9427974,8,window-open-v2,3
1656,0.6148225,0.9267649,8,window-open-v2,3
477,0.6314472,0.89633137,8,window-open-v2,3
1474,0.60738415,0.85648674,8,window-open-v2,3
1221,0.68236184,0.94079727,8,window-open-v2,3
1594,0.68009484,0.86034137,8,window-open-v2,3
1581,0.66857576,0.86630666,8,window-open-v2,3
1580,0.5709825,0.8496262,8,window-open-v2,3
1470,0.6241718,0.8769289,8,window-open-v2,3
848,0.64273274,0.91092646,8,window-open-v2,3
674,0.6398638,0.96995467,8,window-open-v2,3
293,0.5458415,0.89161247,8,window-open-v2,3
507,0.6187605,0.9304695,8,window-open-v2,3
1648,0.70618886,0.9090422,8,window-open-v2,3
381,0.6205274,0.9904663,8,window-open-v2,3
1256,0.52960354,0.9331947,8,window-open-v2,3
374,0.55197495,0.8536104,8,window-open-v2,3
735,0.6131658,0.8833635,8,window-open-v2,3
1143,0.61885285,0.880299,8,window-open-v2,3
304,0.54110986,0.9717666,8,window-open-v2,3
66,0.675301,0.91848487,8,window-open-v2,3
733,0.5778799,0.92972535,8,window-open-v2,3
181,0.5565506,0.8686251,8,window-open-v2,3
1549,0.6672789,0.88445896,8,window-open-v2,3
730,0.60396504,0.8468598,8,window-open-v2,3
1614,0.5744208,0.8581465,8,window-open-v2,3
40,0.5792254,0.9703855,8,window-open-v2,3
763,0.676882,0.86093557,8,window-open-v2,3
1720,0.62443024,0.9305745,8,window-open-v2,3
1251,0.62391156,0.9394184,8,window-open-v2,3
1545,0.59637445,0.9615334,8,window-open-v2,3
312,0.6355542,0.87944597,8,window-open-v2,3
1235,0.65020406,0.90997034,8,window-open-v2,3
1126,0.70496273,0.8941302,8,window-open-v2,3
263,0.68494135,0.93978715,8,window-open-v2,3
1501,0.62214607,0.9457294,8,window-open-v2,3
528,0.6264772,0.8488084,8,window-open-v2,3
185,0.5749705,0.9609752,8,window-open-v2,3
1612,0.67800075,0.8497637,8,window-open-v2,3
1518,0.54527074,0.89353794,8,window-open-v2,3
1531,0.6463896,0.88700926,8,window-open-v2,3
35,0.668819,0.8855382,8,window-open-v2,3
496,0.68762547,0.91225976,8,window-open-v2,3
392,0.65333605,0.9211938,8,window-open-v2,3
270,0.63148075,0.9826031,8,window-open-v2,3
116,0.60081226,0.9472226,8,window-open-v2,3
466,0.59256834,0.89383435,8,window-open-v2,3
1225,0.6682076,0.93916625,8,window-open-v2,3
369,0.56830186,0.95901865,8,window-open-v2,3
1224,0.5456773,0.98493326,8,window-open-v2,3
268,0.65870345,0.87441546,8,window-open-v2,3
725,0.61722684,0.9368102,8,window-open-v2,3
1610,0.59786963,0.9080624,8,window-open-v2,3
736,0.66653407,0.87022275,8,window-open-v2,3
1637,0.6280346,0.96623486,8,window-open-v2,3
1024,0.6507878,0.21864703,9,window-close-v2,9
1622,0.6655769,0.12331089,9,window-close-v2,9
1243,0.71765566,0.15034874,9,window-close-v2,9
74,0.7068811,0.17912258,9,window-close-v2,9
1026,0.61998236,0.16739565,9,window-close-v2,9
1907,0.7226735,0.22576152,9,window-close-v2,9
520,0.6881503,0.1776262,9,window-close-v2,9
931,0.7036934,0.07512139,9,window-close-v2,9
472,0.7134787,0.0770663,9,window-close-v2,9
1210,0.73755586,0.17718977,9,window-close-v2,9
1911,0.6633611,0.14165968,9,window-close-v2,9
98,0.70159227,0.07761144,9,window-close-v2,9
32,0.66025877,0.18639247,9,window-close-v2,9
426,0.6687567,0.20672816,9,window-close-v2,9
1370,0.634918,0.23583385,9,window-close-v2,9
1014,0.62585944,0.18406811,9,window-close-v2,9
1006,0.67110074,0.13336317,9,window-close-v2,9
488,0.72510034,0.13995472,9,window-close-v2,9
1727,0.6642807,0.23961838,9,window-close-v2,9
570,0.7267749,0.11435859,9,window-close-v2,9
1564,0.65030205,0.11302944,9,window-close-v2,9
1343,0.75642025,0.15629919,9,window-close-v2,9
368,0.6851304,0.18340994,9,window-close-v2,9
1530,0.6966645,0.12420657,9,window-close-v2,9
1972,0.6497955,0.1661715,9,window-close-v2,9
348,0.6673419,0.17647186,9,window-close-v2,9
944,0.7182772,0.19336769,9,window-close-v2,9
476,0.69566363,0.14255865,9,window-close-v2,9
1239,0.62567294,0.18533303,9,window-close-v2,9
808,0.6918567,0.23284076,9,window-close-v2,9
1963,0.6585041,0.105556875,9,window-close-v2,9
1332,0.7041645,0.22292319,9,window-close-v2,9
1986,0.7175517,0.2312372,9,window-close-v2,9
1547,0.69987255,0.12402991,9,window-close-v2,9
351,0.7245089,0.09379598,9,window-close-v2,9
1537,0.75594705,0.17493074,9,window-close-v2,9
1544,0.69325125,0.1496592,9,window-close-v2,9
732,0.6758215,0.18367834,9,window-close-v2,9
1541,0.702224,0.101156406,9,window-close-v2,9
954,0.65793604,0.15387218,9,window-close-v2,9
67,0.6640617,0.14156562,9,window-close-v2,9
551,0.6522725,0.10500751,9,window-close-v2,9
967,0.6995802,0.077464856,9,window-close-v2,9
210,0.71292394,0.18616085,9,window-close-v2,9
1527,0.6589535,0.19188853,9,window-close-v2,9
160,0.7495484,0.19077784,9,window-close-v2,9
54,0.7334308,0.10082193,9,window-close-v2,9
213,0.6959419,0.07057707,9,window-close-v2,9
34,0.69389826,0.12383259,9,window-close-v2,9
1586,0.67767644,0.13556491,9,window-close-v2,9
1520,0.7206319,0.14579052,9,window-close-v2,9
187,0.7039129,0.15615538,9,window-close-v2,9
1935,0.6648959,0.23908372,9,window-close-v2,9
1936,0.70316386,0.23669353,9,window-close-v2,9
1307,0.7684284,0.12225611,9,window-close-v2,9
1583,0.6826497,0.22053085,9,window-close-v2,9
997,0.6830439,0.2180643,9,window-close-v2,9
1214,0.7291845,0.095565595,9,window-close-v2,9
1944,0.7257812,0.1541835,9,window-close-v2,9
1947,0.73017263,0.20756216,9,window-close-v2,9
486,0.68369526,0.21376319,9,window-close-v2,9
734,0.6664699,0.13073152,9,window-close-v2,9
937,0.66062766,0.19911717,9,window-close-v2,9
367,0.6649587,0.100479476,9,window-close-v2,9
1351,0.6458441,0.14292173,9,window-close-v2,9
845,0.75743484,0.21652138,9,window-close-v2,9
1349,0.7008476,0.18548974,9,window-close-v2,9
1957,0.6735298,0.22779565,9,window-close-v2,9
1310,0.6491753,0.14298832,9,window-close-v2,9
1589,0.7524349,0.1738797,9,window-close-v2,9
453,0.70410615,0.23920241,9,window-close-v2,9
596,0.7024715,0.18879138,9,window-close-v2,9
588,0.7074021,0.17623013,9,window-close-v2,9
1275,0.65273714,0.175831,9,window-close-v2,9
1771,0.6847534,0.2364889,9,window-close-v2,9
664,0.69239944,0.20070347,9,window-close-v2,9
1432,0.65195006,0.2211942,9,window-close-v2,9
886,0.7096968,0.100119874,9,window-close-v2,9
404,0.6394973,0.18949471,9,window-close-v2,9
760,0.6839656,0.2244784,9,window-close-v2,9
1097,0.69420874,0.14359511,9,window-close-v2,9
1780,0.6533199,0.13475761,9,window-close-v2,9
1782,0.7227598,0.20210302,9,window-close-v2,9
888,0.72746843,0.12878229,9,window-close-v2,9
1786,0.71735877,0.17945269,9,window-close-v2,9
127,0.72208667,0.12011828,9,window-close-v2,9
1692,0.65849006,0.13837694,9,window-close-v2,9
892,0.7117717,0.1792376,9,window-close-v2,9
1793,0.7069511,0.2081061,9,window-close-v2,9
1797,0.7555686,0.15917787,9,window-close-v2,9
495,0.6744441,0.15111397,9,window-close-v2,9
387,0.75116795,0.12270891,9,window-close-v2,9
1421,0.6837541,0.22314374,9,window-close-v2,9
1803,0.7183057,0.15960312,9,window-close-v2,9
673,0.7285924,0.23811138,9,window-close-v2,9
1681,0.74119145,0.13786404,9,window-close-v2,9
1679,0.61864144,0.16829176,9,window-close-v2,9
155,0.7190955,0.10181291,9,window-close-v2,9
303,0.723484,0.22417568,9,window-close-v2,9
755,0.7579921,0.21620016,9,window-close-v2,9
633,0.6995518,0.07175845,9,window-close-v2,9
1102,0.74536395,0.2005419,9,window-close-v2,9
1124,0.6400366,0.17558096,9,window-close-v2,9
1732,0.7349549,0.23461293,9,window-close-v2,9
261,0.64816785,0.16802284,9,window-close-v2,9
1127,0.6246156,0.15963183,9,window-close-v2,9
650,0.6708124,0.18197142,9,window-close-v2,9
649,0.67923546,0.14755547,9,window-close-v2,9
1722,0.7473939,0.22605146,9,window-close-v2,9
529,0.6391145,0.19187257,9,window-close-v2,9
1721,0.7301784,0.1810398,9,window-close-v2,9
1117,0.7428573,0.13544218,9,window-close-v2,9
765,0.64078027,0.19863729,9,window-close-v2,9
1272,0.701131,0.22117494,9,window-close-v2,9
1114,0.69050616,0.121662684,9,window-close-v2,9
1446,0.6538219,0.15964542,9,window-close-v2,9
1439,0.7164989,0.099970475,9,window-close-v2,9
1438,0.72268116,0.16260977,9,window-close-v2,9
530,0.77292323,0.20675635,9,window-close-v2,9
874,0.64042604,0.177864,9,window-close-v2,9
1270,0.70036626,0.192968,9,window-close-v2,9
86,0.7012901,0.16129,9,window-close-v2,9
1106,0.68306893,0.09739418,9,window-close-v2,9
548,0.7443054,0.20034288,9,window-close-v2,9
1138,0.7689328,0.122271396,9,window-close-v2,9
883,0.7380744,0.16997021,9,window-close-v2,9
1103,0.62413293,0.15971893,9,window-close-v2,9
636,0.6830153,0.14769188,9,window-close-v2,9
340,0.74183494,0.1422366,9,window-close-v2,9
625,0.75720924,0.1753723,9,window-close-v2,9
409,0.7324596,0.103706665,9,window-close-v2,9
605,0.7498706,0.22737661,9,window-close-v2,9
780,0.7482793,0.16941217,9,window-close-v2,9
1395,0.64683044,0.115019724,9,window-close-v2,9
908,0.6728618,0.22726966,9,window-close-v2,9
1493,0.6928811,0.1789248,9,window-close-v2,9
540,0.7098121,0.20738389,9,window-close-v2,9
1494,0.7501512,0.12367595,9,window-close-v2,9
1048,0.73518205,0.12951112,9,window-close-v2,9
1254,0.7724963,0.20707093,9,window-close-v2,9
1180,0.653286,0.10570241,9,window-close-v2,9
1125,0.7092885,0.14036486,9,window-close-v2,9
494,0.67304665,0.15455021,9,window-close-v2,9
1044,0.71408546,0.1224451,9,window-close-v2,9
693,0.64342356,0.11651493,9,window-close-v2,9
134,0.64960754,0.21725968,9,window-close-v2,9
1182,0.68080765,0.098345526,9,window-close-v2,9
915,0.6654616,0.14461368,9,window-close-v2,9
861,0.6917032,0.20217179,9,window-close-v2,9
419,0.72716194,0.14100423,9,window-close-v2,9
62,0.6235125,0.19546705,9,window-close-v2,9
696,0.6966659,0.20497327,9,window-close-v2,9
826,0.7421799,0.16400313,9,window-close-v2,9
1500,0.7317127,0.10613924,9,window-close-v2,9
1032,0.70599765,0.23039311,9,window-close-v2,9
422,0.7091956,0.15037654,9,window-close-v2,9
1853,0.70499855,0.07943617,9,window-close-v2,9
143,0.62772006,0.19153324,9,window-close-v2,9
135,0.6646585,0.20241746,9,window-close-v2,9
1490,0.6420983,0.13962843,9,window-close-v2,9
833,0.70857203,0.14609894,9,window-close-v2,9
276,0.75027317,0.20780079,9,window-close-v2,9
1471,0.7356274,0.16916424,9,window-close-v2,9
1672,0.71946466,0.12159306,9,window-close-v2,9
898,0.68585795,0.1962264,9,window-close-v2,9
1473,0.70943636,0.19011208,9,window-close-v2,9
1668,0.66976774,0.09776144,9,window-close-v2,9
1475,0.66908634,0.1776466,9,window-close-v2,9
1666,0.69796,0.1996371,9,window-close-v2,9
1079,0.67904395,0.09919074,9,window-close-v2,9
1077,0.7324467,0.23605663,9,window-close-v2,9
385,0.7238125,0.16256058,9,window-close-v2,9
1072,0.7390517,0.23230547,9,window-close-v2,9
1830,0.7142876,0.11758231,9,window-close-v2,9
15,0.70861906,0.22852036,9,window-close-v2,9
319,0.6609621,0.19883281,9,window-close-v2,9
414,0.63797563,0.18311994,9,window-close-v2,9
1407,0.6551463,0.15741801,9,window-close-v2,9
679,0.6562689,0.24141775,9,window-close-v2,9
1839,0.7263619,0.20631857,9,window-close-v2,9
1289,0.7327562,0.12665398,9,window-close-v2,9
1173,0.7300657,0.18230471,9,window-close-v2,9
1487,0.6349623,0.23574881,9,window-close-v2,9
284,0.6503941,0.18720381,9,window-close-v2,9
237,0.65934634,0.1162853,9,window-close-v2,9
43,0.68016726,0.19534323,9,window-close-v2,9
1539,0.7028763,0.100872755,9,window-close-v2,9
